id,keyword,count
0,Trump Donald J,296
1,United States Politics and Government,265
2,United States International Relations,94
3,Politics and Government,82
4,International Trade and World Market,72
5,New York City,71
6,Real Estate and Housing (Residential),65
7,Russian Interference in 2016 US Elections and Ties to Trump Associates,48
8,Customs (Tariff),48
9,Crossword Puzzles,46
10,Television,45
11,United States,44
12,Republican Party,44
13,Women and Girls,44
14,Gun Control,42
15,Russia,40
16,Appointments and Executive Changes,40
17,Social Media,36
18,Democratic Party,35
19,United States Economy,35
20,Blacks,33
21,Education (K-12),32
22,Presidential Election of 2016,32
23,Facebook Inc,31
24,New York Times,31
25,School Shootings and Armed Attacks,30
26,China,29
27,North Korea,29
28,Putin Vladimir V,28
29,Parkland Fla Shooting (2018),28
30,Computers and the Internet,28
31,Photography,26
32,Books and Literature,26
33,News and News Media,25
34,Theater,25
35,Parenting,24
36,Demonstrations Protests and Riots,24
37,Labor and Jobs,24
38,Kim Jong-un,23
39,Great Britain,23
40,Children and Childhood,22
41,Elections House of Representatives,21
42,Protectionism (Trade),21
43,Midterm Elections (2018),21
44,Art,21
45,Regulation and Deregulation of Industry,21
46,Immigration and Emigration,21
47,Steel and Iron,21
48,Travel and Vacations,21
49,Canada,20
50,Race and Ethnicity,20
51,Movies,20
52,Restaurants,20
53,Discrimination,20
54,House of Representatives,20
55,Cooking and Cookbooks,19
56,European Union,19
57,Mueller Robert S III,19
58,United States Defense and Military Forces,19
59,Vietnam War,18
60,Suits and Litigation (Civil),18
61,Nuclear Weapons,18
62,Adultery,18
63,Clifford Stephanie (1979- ),17
64,Cambridge Analytica,17
65,Senate,17
66,#MeToo Movement,17
67,Data-Mining and Database Marketing,16
68,Sexual Harassment,16
69,New York State,16
70,Law and Legislation,16
71,Wages and Salaries,15
72,Aluminum,15
73,Bolton John R,15
74,South Korea,15
75,State Department,14
76,Global Warming,14
77,Tillerson Rex W,14
78,Cuomo Andrew M,14
79,Lamb Conor J (1984- ),14
80,Special Prosecutors (Independent Counsel),14
81,Research,13
82,Cohen Michael D (1966- ),13
83,Deaths (Obituaries),13
84,Iran,13
85,Corruption (Institutional),13
86,Elections,13
87,Music,13
88,Federal Budget (US),13
89,Pennsylvania,13
90,Europe,13
91,Colleges and Universities,13
92,Deaths (Fatalities),13
93,Justice Department,12
94,Terrorism,12
95,Cohn Gary D,12
96,de Blasio Bill,12
97,Youth,12
98,Murders Attempted Murders and Homicides,12
99,National Rifle Assn,12
100,Diplomatic Service Embassies and Consulates,12
101,Families and Family Life,12
102,California,12
103,Assassinations and Attempted Assassinations,11
104,Defense and Military Forces,11
105,vis-photo,11
106,Espionage and Intelligence Services,11
107,Organized Labor,11
108,Polls and Public Opinion,11
109,Italy,11
110,Zuckerberg Mark E,11
111,Fashion and Apparel,11
112,Saccone Richard (1958- ),11
113,Pompeo Mike,11
114,Firearms,11
115,Elderly,11
116,Skripal Sergei V,11
117,Mental Health and Disorders,11
118,North American Free Trade Agreement,11
119,Diet and Nutrition,11
120,Colbert Stephen,11
121,Reading and Writing Skills (Education),10
122,Embargoes and Sanctions,10
123,Bannon Stephen K,10
124,Austin (Tex),10
125,Jews and Judaism,10
126,Voting and Voters,10
127,Academy Awards (Oscars),10
128,Museums,10
129,Elections Governors,10
130,Bombs and Explosives,10
131,Kimmel Jimmy,10
132,McMaster H R,10
133,Tax Cuts and Jobs Act (2017),10
134,International Relations,10
135,Sessions Jefferson B III,10
136,World Trade Organization,10
137,Poisoning and Poisons,10
138,Health Insurance and Managed Care,9
139,Vietnam,9
140,Bush George W,9
141,Illegal Immigration,9
142,Veterans,9
143,Genetics and Heredity,9
144,Police Brutality Misconduct and Shootings,9
145,Manhattan (NYC),9
146,Germany,9
147,Conditt Mark Anthony (1994-2018),9
148,Marjory Stoneman Douglas High School (Parkland Fla),9
149,Sex Crimes,9
150,Xi Jinping,9
151,NCAA Basketball Championships (Men),9
152,Noah Trevor (1984- ),9
153,Veterans Affairs Department,9
154,Refugees and Displaced Persons,9
155,Teachers and School Employees,9
156,Kushner Jared,9
157,Fallon Jimmy,9
158,Parkland (Fla),9
159,Exercise,8
160,War Crimes Genocide and Crimes Against Humanity,8
161,Age Chronological,8
162,Supreme Court (US),8
163,Population,8
164,Ethics and Official Misconduct,8
165,Homosexuality and Bisexuality,8
166,Cyberwarfare and Defense,8
167,Syria,8
168,Subways,8
169,Writing and Writers,8
170,Drugs (Pharmaceuticals),8
171,Venezuela,8
172,Shopping and Retail,8
173,Google Inc,8
174,Weather,8
175,May Theresa M,8
176,Mexico,8
177,Amazon.com Inc,7
178,Twitter,7
179,Privacy,7
180,Late Show with Stephen Colbert (TV Program),7
181,Central Intelligence Agency,7
182,Architecture,7
183,Weight,7
184,Stocks and Bonds,7
185,DeVos Elizabeth (1958- ),7
186,Federal Bureau of Investigation,7
187,O'Brien Conan,7
188,Federal Taxes (US),7
189,Renting and Leasing (Real Estate),7
190,Factories and Manufacturing,7
191,Mergers Acquisitions and Divestitures,7
192,Wines,7
193,Federal Reserve System,7
194,Nixon Cynthia,7
195,Comedy and Humor,7
196,Strikes,7
197,Campaign Finance,7
198,Dowd John M,7
199,West Virginia,7
200,Arms Control and Limitation and Disarmament,7
201,Basketball (College),7
202,Heart,7
203,Banking and Financial Institutions,7
204,Drug Abuse and Traffic,7
205,Palestinians,7
206,Iraq,7
207,Economic Conditions and Trends,7
208,Men and Boys,7
209,Opioids and Opiates,7
210,Israel,6
211,Carson Benjamin S,6
212,Muslims and Islam,6
213,Political Advertising,6
214,Birds,6
215,Inflation (Economics),6
216,Helicopters,6
217,Legal Profession,6
218,Mattis James N,6
219,Psychology and Psychologists,6
220,Biden Joseph R Jr,6
221,Affordable Housing,6
222,Anti-Semitism,6
223,Civilian Casualties,6
224,Five Star Movement (Italy),6
225,Food,6
226,Defense Department,6
227,The Daily Show with Trevor Noah (TV Program),6
228,Conservatism (US Politics),6
229,Consumer Protection,6
230,Workplace Environment,6
231,Pence Mike,6
232,McDougal Karen (1971- ),6
233,McCabe Andrew G,6
234,Saudi Arabia,6
235,Accidents and Safety,6
236,Anxiety and Stress,6
237,Recipes,6
238,Courts and the Judiciary,6
239,Video Recordings Downloads and Streaming,6
240,Japan,6
241,Montreal (Quebec),6
242,Nix Alexander,6
243,Automobiles,6
244,60 Minutes (TV Program),6
245,Australia,6
246,Flowers and Plants,6
247,Florida,6
248,Meyers Seth,6
249,Interior Design and Furnishings,6
250,United Nations,6
251,Shulkin David J,6
252,Teenagers and Adolescence,6
253,Prisons and Prisoners,6
254,Interest Rates,6
255,House Committee on Intelligence,6
256,Smartphones,5
257,Airlines and Airplanes,5
258,Abortion,5
259,Bribery and Kickbacks,5
260,Baseball,5
261,Bee Samantha,5
262,Trans-Pacific Partnership,5
263,Oil (Petroleum) and Gasoline,5
264,Newspapers,5
265,Poetry and Poets,5
266,Prices (Fares Fees and Rates),5
267,Walt Disney Company,5
268,Kogan Aleksandr,5
269,Agriculture and Farming,5
270,Supermarkets and Grocery Stores,5
271,Traffic Accidents and Safety,5
272,Ross Wilbur L Jr,5
273,Skripal Yulia S,5
274,Disabilities,5
275,Environmental Protection Agency,5
276,Myanmar,5
277,Endangered and Extinct Species,5
278,Navarro Peter,5
279,Mobile Applications,5
280,Productivity,5
281,Primaries and Caucuses,5
282,Online Advertising,5
283,Dogs,5
284,Medicine and Health,5
285,Hurricane Maria (2017),5
286,France,5
287,Credit and Debt,5
288,Snow and Snowstorms,5
289,Bakeries and Baked Products,5
290,Goldman Sachs Group Inc,5
291,Iraq War (2003-11),5
292,Advertising and Marketing,5
293,Lobbying and Lobbyists,5
294,Frauds and Swindling,5
295,Roman Catholic Church,5
296,States (US),5
297,Late Night with Seth Meyers (TV Program),5
298,Ethics (Personal),5
299,Aviation Accidents Safety and Disasters,5
300,Commerce Department,5
301,Islamic State in Iraq and Syria (ISIS),5
302,Design,5
303,Dating and Relationships,5
304,Education,5
305,Political Prisoners,5
306,Sacramento (Calif),5
307,Obesity,5
308,Jackson Ronny L,5
309,Human Rights and Human Rights Violations,5
310,Civil Rights Movement (1954-68),5
311,Mercer Robert (1946- ),5
312,Hospitals,5
313,Liberalism (US Politics),5
314,Corden James (1978- ),5
315,Quebec Province (Canada),5
316,National Economic Council (US),5
317,Trump Melania,5
318,Johnson Lyndon Baines,5
319,Housing and Urban Development Department,5
320,Public and Subsidized Housing,5
321,Rohingya (Ethnic Group),5
322,Addiction (Psychology),5
323,Elections Senate,5
324,Presidential Election of 1968,5
325,Secession and Independence Movements,5
326,Vegetables,5
327,Texas,5
328,Citizenship and Naturalization,5
329,Africa,4
330,Clark Stephon (1995-2018),4
331,Pornography,4
332,Gender,4
333,East River (NYC),4
334,E-Commerce,4
335,Taxation,4
336,Government Employees,4
337,Full Frontal With Samantha Bee (TV Program),4
338,Mohammed bin Salman (1985- ),4
339,Doctors,4
340,Rumors and Misinformation,4
341,Arbitration Conciliation and Mediation,4
342,Schumer Charles E,4
343,Biological and Chemical Warfare,4
344,Netanyahu Benjamin,4
345,Biographical Information,4
346,Macron Emmanuel (1977- ),4
347,Obama Barack,4
348,Interior Department,4
349,McGahn Donald F II,4
350,Income Inequality,4
351,Artificial Intelligence,4
352,Here and Now (TV Program),4
353,Depression (Mental),4
354,Border Barriers,4
355,SCL Group,4
356,Brennan John O,4
357,Podcasts,4
358,Child Abuse and Neglect,4
359,Census,4
360,Pregnancy and Childbirth,4
361,Opera,4
362,Clinton Hillary Rodham,4
363,Space and Astronomy,4
364,internal-national collaboration,4
365,Land Use Policies,4
366,Fires and Firefighters,4
367,The Alienist (TV Program),4
368,Hicks Hope C (1988- ),4
369,Influenza,4
370,Documentary Films and Programs,4
371,Education Department (US),4
372,Ryan Paul D Jr,4
373,Homeless Persons,4
374,Area Planning and Renewal,4
375,Babies and Infants,4
376,Instagram Inc,4
377,Women's Rights,4
378,Assad Bashar al-,4
379,Loyola University Chicago,4
380,New Orleans (La),4
381,The Walking Dead (TV Program),4
382,Infrastructure (Public Works),4
383,San Francisco (Calif),4
384,Metropolitan Transportation Authority,4
385,The Assassination of Gianni Versace: American Crime Story (TV Program),4
386,Magazines,4
387,Holocaust and the Nazi Era,4
388,Comey James B,4
389,Kurds,4
390,Sleep,4
391,Kelly John F (1950- ),4
392,Decisions and Verdicts,4
393,King Martin Luther Jr,4
394,Trump Ivanka,4
395,Afghanistan,4
396,Voter Registration and Requirements,4
397,Greenhouse Gas Emissions,4
398,Freedom of Speech and Expression,4
399,Corporate Social Responsibility,4
400,Weinstein Harvey,4
401,Gardens and Gardening,4
402,Houston Astros,4
403,Hotels and Travel Lodgings,4
404,Wylie Christopher,4
405,Metropolitan Opera,4
406,Citigroup Inc,4
407,Washington (DC),4
408,Epidemics,4
409,Alcoholic Beverages,4
410,Bridges and Tunnels,4
411,Transit Systems,4
412,Emergency Medical Treatment,4
413,Police Department (NYC),4
414,Sex,4
415,State Legislatures,4
416,Poverty,4
417,Food and Drug Administration,4
418,Percoco Joseph,4
419,Whales and Whaling,4
420,Conflicts of Interest,4
421,Clifford Stephanie,4
422,Actors and Actresses,4
423,Cruz Nikolas,4
424,Bronx (NYC),4
425,United Arab Emirates,3
426,The Tonight Show (TV Program),3
427,JPMorgan Chase & Company,3
428,Presidential Election of 2020,3
429,Arizona,3
430,Deferred Action for Childhood Arrivals,3
431,Brooklyn (NYC),3
432,American Media Inc,3
433,Shutdowns (Institutional),3
434,Detainees,3
435,Kabul (Afghanistan),3
436,Prostitution,3
437,Brain,3
438,Midtown Area (Manhattan NY),3
439,Longevity,3
440,Berlusconi Silvio,3
441,Search and Seizure,3
442,Christians and Christianity,3
443,Shkreli Martin (1983- ),3
444,Executives and Management (Theory),3
445,Alito Samuel A Jr,3
446,Term Limits (Political Office),3
447,Native Americans,3
448,McConnell Mitch,3
449,Government Bonds,3
450,Ice,3
451,Arctic Regions,3
452,School Discipline (Students),3
453,Bankruptcies,3
454,Telephones and Telecommunications,3
455,Forests and Forestry,3
456,diGenova Joseph E,3
457,Oklahoma,3
458,Sugar,3
459,Environment,3
460,Fox News Channel,3
461,Freedom of the Press,3
462,Education (Pre-School),3
463,Home Repairs and Improvements,3
464,Immigration and Customs Enforcement (US),3
465,Memphis (Tenn),3
466,Northeastern States (US),3
467,Nassar Lawrence G (1963- ),3
468,Puerto Rico,3
469,Ghouta (Syria),3
470,Free Syrian Army,3
471,Acrostic Puzzles,3
472,Easter and Holy Week,3
473,Salman Noor Zahi,3
474,Brazil,3
475,Computer Security,3
476,Electric Light and Power,3
477,Budget Travel,3
478,Roseanne (TV Program),3
479,South Africa,3
480,Census Bureau,3
481,Trump Donald J Jr,3
482,Extortion and Blackmail,3
483,Moby-Dick (Book),3
484,Paleontology,3
485,Gaza Strip,3
486,House Committee on Appropriations,3
487,Personal Finances,3
488,Carbon Dioxide,3
489,Second Amendment (US Constitution),3
490,Spring (Season),3
491,Cocktails and Mixed Drinks,3
492,Lopez Leopoldo,3
493,Trudeau Justin,3
494,Media,3
495,Pain-Relieving Drugs,3
496,Religion and Belief,3
497,Driverless and Semiautonomous Vehicles,3
498,Pop and Rock Music,3
499,Probation and Parole,3
500,Cobb Ty,3
501,Pruitt Scott,3
502,Therapy and Rehabilitation,3
503,Scalia Antonin,3
504,Whitney Museum of American Art,3
505,Gorsuch Neil M,3
506,Kennedy Anthony M,3
507,Sotomayor Sonia,3
508,Colds,3
509,Unemployment,3
510,Get Out (Movie),3
511,Silicon Valley (Calif),3
512,Bedford-Stuyvesant (Brooklyn NY),3
513,National Aeronautics and Space Administration,3
514,Legislatures and Parliaments,3
515,National Security Council,3
516,Upper East Side (Manhattan NY),3
517,Turkey,3
518,Park Slope (Brooklyn NY),3
519,Evangelical Movement,3
520,Warren Elizabeth,3
521,Cameras,3
522,Constitution (US),3
523,Los Angeles (Calif),3
524,McCray Chirlane,3
525,Clean Air Act,3
526,Classical Music,3
527,Barr Roseanne,3
528,American Civil Liberties Union,3
529,YouTube.com,3
530,Work-Life Balance,3
531,Trump Organization,3
532,Private Equity,3
533,Broadcom Corporation,3
534,Animal Behavior,3
535,Michigan State University,3
536,Democracy (Theory and Philosophy),3
537,Noise,3
538,Powell Jerome H,3
539,New Jersey,3
540,Apple Inc,3
541,Real Estate (Commercial),3
542,Federal-State Relations (US),3
543,India,3
544,Immune System,3
545,Hate Crimes,3
546,Transgender and Transsexuals,3
547,Presidents and Presidency (US),3
548,Kasowitz Marc E,3
549,Monasteries and Monks,3
550,Hockey Ice,3
551,Qualcomm Inc,3
552,Conservation of Resources,3
553,Basketball,3
554,Black Holes (Space),3
555,National Enquirer,3
556,Chefs,3
557,Chicago (Ill),3
558,Medicare,3
559,Tax Credits Deductions and Exemptions,3
560,Hawking Stephen W,3
561,Houston (Tex),3
562,Schneiderman Eric T,3
563,Hispanic-Americans,3
564,Omega-3 Fatty Acids,3
565,Careers and Professions,3
566,Manafort Paul J,3
567,Muscles,3
568,Delivery Services,3
569,Philadelphia (Pa),3
570,Cooper Anderson,3
571,Bars and Nightclubs,3
572,Athletics and Sports,3
573,Budgets and Budgeting,3
574,London (England),3
575,Middle East,3
576,Egypt,3
577,Football,3
578,Royal Families,3
579,Education Department (NYC),3
580,Physics,3
581,Palestinian Authority,3
582,Corporate Taxes,3
583,Pennsylvania Station (Manhattan NY),3
584,Grandparents,3
585,ABC Inc,3
586,Paralympic Games,3
587,Brown Edmund G Jr,3
588,Netflix Inc,3
589,Workplace Hazards and Violations,3
590,Air Pollution,3
591,Redistricting and Reapportionment,3
592,Funerals and Memorials,3
593,Boeing Company,3
594,Mateen Omar (1986-2016),3
595,Moon Jae-in,3
596,Torture,3
597,vis-multimedia,3
598,Pew Research Center,2
599,English Language,2
600,Ducks,2
601,Coughs,2
602,Black Panther (Movie),2
603,Letters,2
604,Democratic Party (Italy),2
605,Mediterranean Sea,2
606,Satellites,2
607,Gates Richard W III (1972- ),2
608,Marriages,2
609,Luxury Goods and Services,2
610,Kurdistan Workers' Party,2
611,Hamas,2
612,Liquor,2
613,Macedonia,2
614,Qatar,2
615,Ingham County (Mich),2
616,Furniture,2
617,Sisi Abdel Fattah el-,2
618,Pyeongchang (South Korea),2
619,Baton Rouge (La),2
620,Pensions and Retirement Plans,2
621,Humphrey Hubert H Jr,2
622,Louis Vuitton,2
623,Indigenous People,2
624,Volunteers and Community Service,2
625,Pecker David J,2
626,Genealogy,2
627,Stars and Galaxies,2
628,Dolores-Schmidt Jean,2
629,Archives and Records,2
630,Pelosi Nancy,2
631,Atlanta (Ga),2
632,Civil War (US) (1861-65),2
633,Suicides and Suicide Attempts,2
634,Atlantic Monthly,2
635,Carlson Tucker,2
636,Broidy Elliott,2
637,Hospice Care,2
638,Language and Languages,2
639,Kemerovo (Russia),2
640,Tips and Tipping,2
641,Nuclear Tests,2
642,Federal Communications Commission,2
643,National Institutes of Health,2
644,Suburbs,2
645,Nunes Devin G,2
646,League (Italian Political Party),2
647,Virginia,2
648,People's Protection Units (YPG),2
649,Caribbean Area,2
650,Dallas (Tex),2
651,Corbyn Jeremy (1949- ),2
652,BlackRock Inc,2
653,Samsung Group,2
654,Panama City (Panama),2
655,Passover,2
656,East Village (Manhattan NY),2
657,Michigan,2
658,Missiles and Missile Defense Systems,2
659,Salads,2
660,Indonesia,2
661,Immigration Detention,2
662,Committee on Foreign Investment in the United States (CFIUS),2
663,Fedex Corporation,2
664,Culture (Arts),2
665,La Torre Winery (Montalcino Italy),2
666,Carvalho Alberto M,2
667,Strampel William D,2
668,Senate Committee on Intelligence,2
669,Panama,2
670,The Americans (TV Program),2
671,Hungary,2
672,Chang David (Chef),2
673,Labour Party (Great Britain),2
674,Nader George A (1959- ),2
675,Social Conditions and Trends,2
676,Kagan Elena,2
677,Cullman Trip,2
678,Mayors,2
679,Sustainable Living,2
680,Morawiecki Mateusz,2
681,Nuclear Energy,2
682,Spielberg Steven,2
683,Car Services and Livery Cabs,2
684,Paris (France),2
685,Whites,2
686,Airports,2
687,Death and Dying,2
688,Offshore Drilling and Exploration,2
689,American Federation of Labor-Congress of Industrial Organizations,2
690,Divorce Separations and Annulments,2
691,Millennial Generation,2
692,Roads and Traffic,2
693,Hygiene and Cleanliness,2
694,Drivers Licenses,2
695,National Collegiate Athletic Assn,2
696,Roberts John G Jr,2
697,Mountaineering,2
698,Segregation and Desegregation,2
699,Water Pollution,2
700,Nadeau-Dubois Gabriel,2
701,Becerra Xavier,2
702,Pflugerville (Tex),2
703,Exxon Mobil Corp,2
704,Pulse (Orlando Fla Nightclub),2
705,Mnuchin Steven T,2
706,Witnesses,2
707,Bonuses,2
708,Staten Island (NYC),2
709,Everytown for Gun Safety,2
710,Maduro Nicolas,2
711,Customs and Border Protection (US),2
712,Krim Lucia,2
713,Autor David,2
714,Vaccination and Immunization,2
715,Beijing (China),2
716,Kushner Tony,2
717,The Shape of Water (Movie),2
718,Waiters and Waitresses,2
719,Nezet-Seguin Yannick,2
720,Dream Act (Development Relief and Education for Minors Act),2
721,Latin America,2
722,New York Mets,2
723,Respiratory System,2
724,Wind,2
725,Thomas Clarence,2
726,Rakhine State (Myanmar),2
727,Disability Insurance,2
728,Start-ups,2
729,Foreign Investments,2
730,Vance Richard Zemke,2
731,JAMA Pediatrics (Journal),2
732,Violins and Violas,2
733,Boston (Mass),2
734,Criminal Justice,2
735,Lisini Winery (Montalcino Italy),2
736,Wood Grant,2
737,Breyer Stephen G,2
738,Rain,2
739,Arson,2
740,Democratic Congressional Campaign Committee,2
741,European Commission,2
742,Securities and Commodities Violations,2
743,Greif Michael,2
744,Recession and Depression,2
745,Hiring and Promotion,2
746,North Atlantic Treaty Organization,2
747,Bicycles and Bicycling,2
748,Animal Migration,2
749,Marvel Entertainment,2
750,Cookies,2
751,Upper West Side (Manhattan NY),2
752,Road Trips,2
753,Al Qaeda,2
754,First Ladies (US),2
755,Face,2
756,Williamson Kevin,2
757,Kudlow Lawrence A,2
758,Greece,2
759,Cancer,2
760,CNBC,2
761,Sweden,2
762,Flatiron District (Manhattan NY),2
763,McEntee John,2
764,Brazelton T Berry,2
765,Niger,2
766,Jury System,2
767,Capital Punishment,2
768,Intellectual Property,2
769,Computer Chips,2
770,Annie Hall (Movie),2
771,Relocation of Business,2
772,Beer,2
773,Alcohol Abuse,2
774,Bureau of Labor Statistics,2
775,Hatch Orrin G,2
776,Reid Storm,2
777,Finances,2
778,Murphy Philip D (1957- ),2
779,Biodiversity,2
780,DuVernay Ava,2
781,Power Failures and Blackouts,2
782,Seafood,2
783,Smoking and Tobacco,2
784,Grudinin Pavel,2
785,Lobby Hero (Play),2
786,Citizenship and Immigration Services (US),2
787,Ready Player One (Movie),2
788,RuPaul's Drag Race (TV Program),2
789,Oils and Fats,2
790,Lying,2
791,Memory,2
792,Third World and Developing Countries,2
793,Garner Erica,2
794,Afrin (Syria),2
795,Le Potazzine Winery (Montalcino Italy),2
796,LaGuardia Airport (Queens NY),2
797,Cookware,2
798,French Language,2
799,Treasury Department,2
800,Sex and the City (TV Program),2
801,Elder Care,2
802,Murray Hill (Manhattan NY),2
803,Urban Areas,2
804,Insects,2
805,Interscholastic Athletics,2
806,Lighthizer Robert E,2
807,Abe Shinzo,2
808,Williams Nakesha,2
809,Impeachment,2
810,Cheese,2
811,Nature Communications (Journal),2
812,Threats and Threatening Messages,2
813,Alzheimer's Disease,2
814,Francis,2
815,Nepotism,2
816,Breastfeeding,2
817,Securities and Exchange Commission,2
818,Midwestern States (US),2
819,National Weather Service,2
820,National Security Agency,2
821,Domestic Violence,2
822,Corbat Michael L,2
823,Shopping Centers and Malls,2
824,Automobile Safety Features and Defects,2
825,Communist Party of China,2
826,Birth Control and Family Planning,2
827,National Parks Monuments and Seashores,2
828,Pets,2
829,Cyberharassment,2
830,Surgery and Surgeons,2
831,Evans Chris (1981- ),2
832,Security Council (UN),2
833,Mulvaney Mick,2
834,Illinois,2
835,Ortega Yoselyn,2
836,Minimum Wage,2
837,Second Stage Theater,2
838,New York Metropolitan Area,2
839,Indian Food (Cuisine),2
840,Sentences (Criminal),2
841,Salvini Matteo,2
842,Valencia (Venezuela),2
843,Orban Viktor,2
844,Waste Materials and Disposal,2
845,Pleasantville (NY),2
846,CNN,2
847,Oxford (England),2
848,Levine James,2
849,Peterson Scot R (1963- ),2
850,Love (Emotion),2
851,Haskell Barbara,2
852,Collective Bargaining,2
853,Local Government,2
854,Evacuations and Evacuees,2
855,Theranos Inc,2
856,Viruses,2
857,Miami (Fla),2
858,Pittsburgh (Pa),2
859,Forza Italia,2
860,Crime and Criminals,2
861,Utah,2
862,Central African Republic,2
863,Cline Ernest,2
864,Posner Richard A,2
865,Zinke Ryan (1961- ),2
866,Perjury,2
867,Student Loans,2
868,Taliban,2
869,Feinstein Dianne,2
870,Moscow (Russia),2
871,Fatah Al,2
872,Salisbury (England),2
873,Kidnapping and Hostages,2
874,Dementia,2
875,Isle of Dogs (Movie),2
876,Sao Paulo (Brazil),2
877,Robots and Robotics,2
878,Priebus Reince R,2
879,Three Billboards Outside Ebbing Missouri (Movie),2
880,Musk Elon,2
881,Fox Broadcasting Co,2
882,Ohio,2
883,Comic Books and Strips,2
884,Holmes Elizabeth (1984- ),2
885,Nixon Richard Milhous,2
886,Carson Candy,2
887,Pain,2
888,Jerusalem (Israel),2
889,American Academy of Pediatrics,2
890,Del Toro Guillermo,2
891,Rubio Marco,2
892,Credit Cards,2
893,Ann Arbor (Mich),2
894,Mepkin Abbey (Moncks Corner SC),2
895,National Transportation Safety Board,2
896,Buses,2
897,Amsterdam (Netherlands),2
898,Psychiatry and Psychiatrists,2
899,Industry City (Brooklyn NY),2
900,Models (Professional),2
901,Archaeology and Anthropology,2
902,Trees and Shrubs,2
903,Melbourne (Australia),2
904,Fuel Emissions (Transportation),2
905,Mount Everest,2
906,Detroit (Mich),2
907,Clinton Bill,2
908,Teeth and Dentistry,2
909,American Crossword Puzzle Tournament,2
910,Soft Drinks,2
911,Nunberg Sam,2
912,Book Trade and Publishing,2
913,Historic Buildings and Sites,2
914,Breast Cancer,2
915,Visas,2
916,National People's Congress (China),2
917,Sandberg Sheryl K,2
918,Afghanistan War (2001- ),2
919,Florida International University,2
920,Charlottesville (Va),2
921,Records and Achievements,2
922,Pasta,2
923,Calories,2
924,Uber Technologies Inc,2
925,Merkel Angela,2
926,Atlanta (TV Program),2
927,Food Aid,2
928,Standard & Poor's 500-Stock Index,2
929,Whiskey,2
930,Grapes,2
931,Hazardous and Toxic Substances,2
932,A Wrinkle in Time (Movie),2
933,Aleppo (Syria),2
934,Carranza Richard A,2
935,United States Africa Command,2
936,Long Island (NY),2
937,Rap and Hip-Hop,2
938,Singapore,2
939,Synagogues,2
940,Nuts,2
941,Conaway K Michael,2
942,Cold War Era,2
943,Ears and Hearing,2
944,Hummingbirds,2
945,Sutherland Springs Tex Shooting (2017),2
946,Angels in America (Play),2
947,Alphabet Inc,2
948,Krim Leo,2
949,Navalny Aleksei A,2
950,Bezos Jeffrey P,2
951,Uzbekistan,2
952,Anderson Wes,2
953,Duterte Rodrigo,1
954,Serial (Radio Program),1
955,University of Toronto,1
956,Homecoming (Radio Program),1
957,Berdahl Andrew,1
958,Boats and Boating,1
959,Placebos,1
960,Miles Ruthie Ann,1
961,Elliott Scott,1
962,Cedar Grove (NJ),1
963,United States Holocaust Memorial Museum,1
964,Velazquez Nydia M,1
965,Endometriosis,1
966,Wood Diane Pamela,1
967,Manuscripts,1
968,Trump International Hotel and Tower (Panama City Panama),1
969,Eyes and Eyesight,1
970,Sex Education,1
971,Charlotte (NC),1
972,Time's Up,1
973,West Virginia Education Assn,1
974,Dominican-Americans,1
975,Patrolmen's Benevolent Assn,1
976,Abuse of the Disabled,1
977,Reinvent Albany,1
978,Hilton Paris,1
979,United States Anti-Doping Agency,1
980,Georgia-Pacific Corp,1
981,NY Waterway,1
982,Brookings Institution,1
983,Nausea,1
984,Time No Line (Play),1
985,The Last Match (Play),1
986,Carper Thomas R,1
987,Fifth Avenue (Manhattan NY),1
988,Likud Party (Israel),1
989,Gurney A R,1
990,Parks and Other Recreation Areas,1
991,Office of the Comptroller (NYC),1
992,Wright Robert (1957- ),1
993,The Late Late Show with James Corden (TV Program),1
994,Toothache (Magazine),1
995,Regan Judith,1
996,Grocery Manufacturers Assn,1
997,Chelsea (Manhattan NY),1
998,Durbin Richard J,1
999,Alabama,1
1000,Better Homes and Gardens,1
1001,T-Mobile US Inc,1
1002,Evolution (Biology),1
1003,Greenwell Garth (1978- ),1
1004,Giselle (Ballet),1
1005,Nuns,1
1006,Guyana,1
1007,Chinese-Americans,1
1008,Ursu Anne,1
1009,Religion-State Relations,1
1010,Fintiklis Orestes,1
1011,Edwards Elizabeth,1
1012,Track and Field,1
1013,Lewis Jason M (1955- ),1
1014,Nature (Journal),1
1015,Hollinghurst Alan,1
1016,Oatmeal,1
1017,Morrison Van,1
1018,Klepper Jordan,1
1019,Voting Machines,1
1020,Iceland,1
1021,Brenner Charles (1961- ),1
1022,Figure Skating,1
1023,Federal Election Commission,1
1024,Food Stamps,1
1025,Deripaska Oleg V,1
1026,Hue (Vietnam),1
1027,Salad Dressings,1
1028,Key Francis Scott,1
1029,International Union for Conservation of Nature,1
1030,Biss Daniel (1977- ),1
1031,Carwile Kevin,1
1032,Haspel Gina,1
1033,Property Taxes,1
1034,Dunkirk (Movie),1
1035,Isle au Haut (Me),1
1036,Maps,1
1037,Buddhism,1
1038,Apollo Global Management,1
1039,Fey Tina,1
1040,Private Spaceflight,1
1041,Congo Democratic Republic of (Congo-Kinshasa),1
1042,Kelly John (Artist),1
1043,Welch Kenneth C Jr,1
1044,Draghi Mario,1
1045,Geneva (Switzerland),1
1046,Rio de Janeiro (Brazil),1
1047,Chateau le Puy Winery (Bordeaux France),1
1048,Blackstone Group The,1
1049,Wakefield Ruth (1903-2018),1
1050,Willey Drew (1986- ),1
1051,The Art of Screen Time: How Your Family Can Balance Digital Media and Real Life (Book),1
1052,DMX,1
1053,A Higher Loyalty: Truth Lies and Leadership (Book),1
1054,Food Contamination and Poisoning,1
1055,Moore Roy S,1
1056,Corona (Queens NY),1
1057,Conti-Cook Cynthia,1
1058,Burlesque,1
1059,Nahyan Mohamed bin Zayed al- (1961- ),1
1060,House Committee on Ways and Means,1
1061,Committee to Protect Journalists,1
1062,Cupertino (Calif),1
1063,Kennedy John Fitzgerald,1
1064,Haddish Tiffany,1
1065,Anderson Brian (1976- ),1
1066,Bedford Corners (NY),1
1067,Patterson Jerry E,1
1068,The Sandman (Book),1
1069,Schwartz Harvey M,1
1070,Violence (Media and Entertainment),1
1071,Ratings (Audience Measurement),1
1072,Economic Policy Institute,1
1073,Doping (Sports),1
1074,MetroCard (NYC),1
1075,Eczema,1
1076,Topman (Fashion Label),1
1077,Slavery (Historical),1
1078,Zappa Frank,1
1079,Sobchak Kseniya,1
1080,OpenStreetMap,1
1081,Messitte Peter J,1
1082,Human Trafficking,1
1083,Balun (Music Group),1
1084,Encores! Great American Musicals in Concert (Series),1
1085,Osteoarthritis,1
1086,Merck & Company Inc,1
1087,Rockwell Sam,1
1088,Denby Charles,1
1089,Twain Mark,1
1090,Stream System: The Collected Short Fiction of Gerald Murnane (Book),1
1091,Muffins,1
1092,Beetles,1
1093,Condominiums,1
1094,Pear Therapeutics Inc,1
1095,National Assn for the Advancement of Colored People,1
1096,Varadkar Leo,1
1097,Williams Jody (1963- ),1
1098,Grenell Richard,1
1099,Cocaine and Crack Cocaine,1
1100,Grateful Dead,1
1101,Williams Bunny,1
1102,Lee Chang W,1
1103,Toys,1
1104,Traffic and Parking Signals and Signs,1
1105,Time (Magazine),1
1106,Communist Party of the Russian Federation,1
1107,The Neighborhood (Book),1
1108,Di Maio Luigi,1
1109,Sociology,1
1110,Mortgages,1
1111,Lipinski Daniel,1
1112,Ahndoril Alexander,1
1113,Privatization,1
1114,Babu Ji (Manhattan NY Restaurant),1
1115,Statue of Liberty,1
1116,Global Partnership for Education,1
1117,Weight Lifting,1
1118,Monuments and Memorials (Structures),1
1119,Benjamin Nell,1
1120,Curiel Gonzalo P,1
1121,Forever 21,1
1122,Family Courts,1
1123,Gingrich Newt,1
1124,Gardner Gracie,1
1125,K2 (Himalayas),1
1126,Cambridge University,1
1127,Hinkie Sam,1
1128,van Gogh Vincent,1
1129,Cienega Las Tlayudas de Oaxaca (Queens NY Restaurant),1
1130,Building (Construction),1
1131,Bottoms Keisha Lance,1
1132,Infinite Jest (Book),1
1133,Greenpoint (Brooklyn NY),1
1134,Sterling Alton B (1979-2016),1
1135,Smithsonian National Museum of Natural History,1
1136,Erie (Pa),1
1137,Lightning,1
1138,Muslim Brotherhood (Egypt),1
1139,Texas A&M University,1
1140,Think Tanks,1
1141,Centers for Medicare and Medicaid Services,1
1142,Abbas Mahmoud,1
1143,Sales and Excise Taxes,1
1144,Trades (Sports),1
1145,Neutrinos,1
1146,Abraham F Murray,1
1147,Brownsville (Brooklyn NY),1
1148,Famine,1
1149,Hypertension,1
1150,National Institute on Alcohol Abuse and Alcoholism,1
1151,McKinley William,1
1152,Ivy League,1
1153,Des Moines (Iowa),1
1154,Jodorowsky Alejandro,1
1155,Nestle SA,1
1156,Cannavale Bobby,1
1157,Capuano Michael E,1
1158,Happiness,1
1159,Leahy Patrick J,1
1160,Newark Liberty International Airport (NJ),1
1161,Ginsberg Allen,1
1162,Raggi Virginia (1978- ),1
1163,Chetty Raj,1
1164,Jenner Caitlyn (1949- ),1
1165,Morton Charlie (1983- ),1
1166,Kahn Albert,1
1167,Atlantic Coast Conference,1
1168,Reality Television,1
1169,Muslim Americans,1
1170,Amusement and Theme Parks,1
1171,Cruises,1
1172,Staub Rusty,1
1173,Swat (Pakistan),1
1174,Kennedy International Airport (Queens NY),1
1175,Oldenburg Claes,1
1176,Smith Lamar S,1
1177,Murin Patti,1
1178,Blumenthal Richard,1
1179,Lempel Lynn,1
1180,Brain Cancer,1
1181,Time Warner Inc,1
1182,Glen Cove (NY),1
1183,Retrophin Inc,1
1184,Open Society Foundations,1
1185,Candles,1
1186,Blood Pressure,1
1187,Artificial Sweeteners,1
1188,Energy and Power,1
1189,Trensch Taylor,1
1190,United States Women's National Soccer Team,1
1191,Baez Joan,1
1192,New England States (US),1
1193,Police Department (Suffolk County NY),1
1194,Zara,1
1195,Fungi,1
1196,Chocolate,1
1197,Jordan,1
1198,Scott Richard L,1
1199,Mubarak Hosni,1
1200,Dulles John Foster,1
1201,First Ladies: Style of Influence (Exhibit),1
1202,Time Inc,1
1203,The Fall (Play),1
1204,Ismailova Saodat,1
1205,Waziristan (Pakistan),1
1206,Soros George,1
1207,Hamm Doyle Lee,1
1208,Poland,1
1209,Bryant Phil,1
1210,National Broadcasting Co,1
1211,Tesla Motors Inc,1
1212,Symantec Corporation,1
1213,Picasso Pablo,1
1214,Liberal Democratic Party (Japan),1
1215,National Gallery of Art,1
1216,Rice Ronald L,1
1217,Ireland,1
1218,Bird Jade,1
1219,Emanuel Rahm,1
1220,Bernstein Leonard,1
1221,Raytheon Company,1
1222,Coal,1
1223,TriBeCa (Manhattan NY),1
1224,Pineapples,1
1225,Upper St Clair (Penn),1
1226,Nursing and Nurses,1
1227,Sharpton Al,1
1228,Renacci James B,1
1229,Baxter Theater Center (University of Cape Town  South Africa),1
1230,Kingdom Holding,1
1231,Georgia,1
1232,Bass Pro Shops Inc,1
1233,Americans With Disabilities Act,1
1234,Garcia Lorca Federico,1
1235,Co-Working,1
1236,Hun Sen,1
1237,Majok Martyna,1
1238,Moser Laura (1977- ),1
1239,Emotions,1
1240,Las Vegas (Nev),1
1241,Clinton Cash: The Untold Story of How and Why Foreign Governments and Businesses Helped Make Bill and Hillary Rich (Book),1
1242,Ibrahim Waleed al-,1
1243,Mutual Funds,1
1244,Drought,1
1245,United Continental Holdings Inc,1
1246,California Public Employees Retirement System,1
1247,St Ann's Warehouse (Brooklyn NY),1
1248,Fashion Shows,1
1249,Flushing (Queens NY),1
1250,Unilever NV,1
1251,Great Britain Withdrawal from EU (Brexit),1
1252,Filipino-Americans,1
1253,Circinus LLC,1
1254,Wilton (Conn),1
1255,Burton Sandra,1
1256,Middle East and Africa Migrant Crisis,1
1257,Trump International Hotel (Washington DC),1
1258,Spain,1
1259,San Antonio (Tex),1
1260,Lonergan Kenneth,1
1261,Krim Marina,1
1262,Canton (Ohio),1
1263,Vioxx (Drug),1
1264,Brown Michael (1996-2014),1
1265,Defibrillators,1
1266,Bosnia and Herzegovina,1
1267,New England Aquarium,1
1268,Dagestan (Russia),1
1269,The Larry Sanders Show (TV Program),1
1270,Mendoza Jackie (1993- ),1
1271,Damascus (Syria),1
1272,MBC Group,1
1273,Adoptions,1
1274,Netherlands,1
1275,Allred Gloria,1
1276,Hancock Shaker Village,1
1277,Forster E M,1
1278,Arab-Americans,1
1279,Hormones,1
1280,Oakland (Calif),1
1281,Leland John,1
1282,Wills and Estates,1
1283,Samore Gary (1953- ),1
1284,Rabbis,1
1285,Cheney Dick,1
1286,Ritz-Carlton Hotel Co,1
1287,NIKE Inc,1
1288,Rajab Nabeel,1
1289,Drunken and Reckless Driving,1
1290,The End of Old Age: Living a Longer More Purposeful Life (Book),1
1291,Massage,1
1292,Pakistan,1
1293,Lopez Robert (1975- ),1
1294,Senate Committee on Commerce Science and Transportation,1
1295,Bears Ears National Monument (Utah),1
1296,Denmark,1
1297,Munita Tomas,1
1298,El Salvador,1
1299,Cluster Munitions,1
1300,Human Resources,1
1301,Westbury (NY),1
1302,Leonora and Alejandro: La Maga y el Maestro (Play),1
1303,Conventions Fairs and Trade Shows,1
1304,Lincoln Abraham,1
1305,Gone with the Wind (Movie),1
1306,United States Army Special Forces (Green Berets),1
1307,Port (Wine),1
1308,Grine Kacy,1
1309,Eggs,1
1310,Williams Elias,1
1311,Beshar Christine (1929-2018),1
1312,Fifth Amendment (US Constitution),1
1313,Federal Bureau of Prisons,1
1314,Girl Going Nowhere (Album),1
1315,Westmoreland William C,1
1316,Greenville (Miss),1
1317,Bahrain,1
1318,Infant Formulas,1
1319,Cherry Bombe (Magazine),1
1320,Stratfield (Conn),1
1321,Prospect Heights (Brooklyn NY),1
1322,SNCF (Societe Nationale des Chemins de fer Francais),1
1323,Bannister Roger,1
1324,Madigan Michael J,1
1325,Whistle-Blowers,1
1326,Arraiy,1
1327,Flynn Michael T,1
1328,Ought (Music Group),1
1329,Jackson Glenda,1
1330,Harvard University,1
1331,Wilson Emily (1971- ),1
1332,Nolan Paul Alexander (Actor),1
1333,Holum Suli,1
1334,Superfund,1
1335,Rhodes Josh,1
1336,Pork,1
1337,Olympic Games (2018),1
1338,St James Theater,1
1339,Emojis and Emoticons,1
1340,Antitrust Laws and Competition Issues,1
1341,Christian Social Union (Germany),1
1342,Juvenile Delinquency,1
1343,Lotteries,1
1344,Romania,1
1345,Water,1
1346,Blankfein Lloyd C,1
1347,Shorten Bill (1967- ),1
1348,Meisler Meryl,1
1349,Cabela's,1
1350,Venture Capital,1
1351,Foie Gras,1
1352,Ritter Krysten,1
1353,Crowley Joseph,1
1354,Agard Dornezia (New York NY Police Officer),1
1355,Maryland,1
1356,Marquis Theater (Manhattan NY),1
1357,Dear Evan Hansen (Play),1
1358,Federal Reserve Bank of New York,1
1359,Dorn David,1
1360,Ahndoril Alexandra Coelho,1
1361,Empathy,1
1362,Holiday Billie,1
1363,Joe Beef (Montreal Quebec Restaurant),1
1364,Lee Jenny Jiae,1
1365,Merriam-Webster Inc,1
1366,Local Food,1
1367,Soi 38 (Melbourne Australia Restaurant),1
1368,Orlando (Fla),1
1369,New York City Transit Authority,1
1370,Havana (Cuba),1
1371,Pan American Health Organization,1
1372,Sistine Chapel (Vatican City),1
1373,Sicily (Italy),1
1374,Ditmas Park (Brooklyn NY),1
1375,Trebes (France),1
1376,Dunford Joseph F Jr,1
1377,Cox's Bazar (Bangladesh),1
1378,Democratic Federation of Rojava-North Syria,1
1379,de Blois Natalie,1
1380,Ingraham Laura A,1
1381,Social Democratic Party (Germany),1
1382,Avengers: Infinity War (Movie),1
1383,San Juan (Puerto Rico),1
1384,Charles RuPaul,1
1385,Ahmedabad (India),1
1386,King Liz (Play),1
1387,French Food (Cuisine),1
1388,Brooklyn Kura,1
1389,Joel Billy,1
1390,Madison Avenue (Manhattan NY),1
1391,Crapo Michael D,1
1392,Advocates for Children of New York,1
1393,Yoga,1
1394,Tedros Adhanom Ghebreyesus,1
1395,Metcalf Laurie,1
1396,Jordan Edouardo,1
1397,Nuland Victoria J,1
1398,Beirut (Lebanon),1
1399,Iwuji Chukwudi,1
1400,World War II (1939-45),1
1401,Ewing Jack D,1
1402,Allen Woody,1
1403,Stopford Clare,1
1404,Parole Board,1
1405,Klein Stacy,1
1406,Migrant Labor (Agriculture),1
1407,Scotland,1
1408,Scotch (Whiskey),1
1409,Presidential Election of 2012,1
1410,Gimlet Media,1
1411,Yerma (Play),1
1412,Fox & Friends (TV Program),1
1413,Madigan Amy,1
1414,Genetic Engineering,1
1415,Maddow Rachel,1
1416,Fasting,1
1417,Dormitories,1
1418,White Plains (NY),1
1419,Tops Friendly Markets,1
1420,Douglas Marjory Stoneman,1
1421,National Football League,1
1422,Cleveland (Ohio),1
1423,Nursing Homes,1
1424,Trump International Hotel and Tower,1
1425,Mello Claudio,1
1426,Nader Ralph,1
1427,Weisberg Joseph M (1965- ),1
1428,Vinas Bryant Neal,1
1429,Khan Saifullah,1
1430,Sanitation Department (NYC),1
1431,Henry Brian Tyree,1
1432,Solar Energy,1
1433,Foreign Service (US),1
1434,Mitchell Adhiambo,1
1435,Hirst Damien,1
1436,Meyer Danny,1
1437,Harris Harriet (1955- ),1
1438,Mixed Martial Arts,1
1439,Rock Climbing,1
1440,Serrano Pedro,1
1441,Agern (Manhattan NY Restaurant),1
1442,Dyer Geoff,1
1443,Testosterone,1
1444,Bruns Dorothy (1973- ),1
1445,Kaiser Permanente,1
1446,Thiel Peter A,1
1447,Bay of Fundy (Canada),1
1448,Baptist Churches,1
1449,Geese,1
1450,Great Northern Food Hall (Manhattan NY Restaurant),1
1451,Rollins Austin Wyatt (d 2018),1
1452,DigitalGlobe Inc,1
1453,Braunstein Laura (Crossword Constructor),1
1454,Donnelly Stella,1
1455,Comstock Barbara J,1
1456,Verlander Justin,1
1457,The Dangerous Book for Boys (TV Program),1
1458,Undoing Depression (Book),1
1459,Crown Heights (Brooklyn NY),1
1460,Public Theater,1
1461,Rhys Matthew,1
1462,Off-White (Fashion Label),1
1463,Second Avenue (Manhattan NY),1
1464,Centers for Disease Control and Prevention,1
1465,Warner Brothers Pictures,1
1466,Mold (Magazine),1
1467,Great Mills (Md),1
1468,Blogs and Blogging (Internet),1
1469,Dishwashers and Dishwashing,1
1470,Diabetes,1
1471,Friedman David M,1
1472,FakeApp,1
1473,Gulf of Mexico,1
1474,Sanders Bernard,1
1475,Hammer Armie,1
1476,Perfetti Chris,1
1477,ZooKeys (Journal),1
1478,History (Academic Subject),1
1479,Thompson Jennifer Laura,1
1480,Melatonin (Hormone),1
1481,National Review,1
1482,Kitty Hawk Incorporated,1
1483,Carcassonne (France),1
1484,Academy of Management Journal,1
1485,American Outdoor Brands Corp.,1
1486,Ejen (Brooklyn NY Restaurant),1
1487,The Wolves (Play),1
1488,Department of Housing Preservation and Development (NYC),1
1489,Boyds (Philadelphia Pa Retailer),1
1490,Good for Otto (Play),1
1491,La MaMa ETC,1
1492,White Mark W Jr (1940- ),1
1493,What Belongs to You (Book),1
1494,Oye! For My Dear Brooklyn (Play),1
1495,New York Academy of Art,1
1496,Hippocratic (Movie),1
1497,Meredith Corporation,1
1498,Inditex Group,1
1499,Verma Seema,1
1500,Gelb Peter,1
1501,Lavery Bryony,1
1502,Dunnings Stuart III,1
1503,Allen Darina,1
1504,Waterloo (Ontario),1
1505,Skidmore Owings & Merrill,1
1506,Quebec City (Quebec),1
1507,Electric and Hybrid Vehicles,1
1508,Bernstein Adam (Scientist),1
1509,New Group Theater Co,1
1510,Dill (Magazine),1
1511,Hotel des Artistes,1
1512,Lew Lauren (1984- ),1
1513,Jet Lag,1
1514,Ice Skating,1
1515,Coulter Ann,1
1516,Wallace Foundation,1
1517,Gifts to Public Officials,1
1518,Allison Sophie (Soccer Mommy),1
1519,Musee d'Art Contemporain de Montreal,1
1520,Malaysia Airlines Flight 17,1
1521,Mumps,1
1522,Jawando William O,1
1523,Collins Francis S,1
1524,San Francisco Unified School District,1
1525,Korean Food (Cuisine),1
1526,Peele Jordan,1
1527,Company Town (Movie),1
1528,Yeast,1
1529,Lungs,1
1530,Astoria (Queens NY),1
1531,Vetoes (US),1
1532,Istanbul (Turkey),1
1533,Avenatti Michael,1
1534,Barcelona (Spain),1
1535,Kohut Meridith,1
1536,Conservative Political Action Conference,1
1537,Insteel Industries Inc,1
1538,Cera Michael,1
1539,Caffeine,1
1540,Goodman John,1
1541,Admissions (Play),1
1542,Ciudadanos Party (Spain),1
1543,St Aubyn Edward,1
1544,Adams John (1735-1826),1
1545,Hoyer Steny H,1
1546,Bathrooms and Toilets,1
1547,Rent Control and Stabilization,1
1548,The Mechanism (TV Program),1
1549,Stone Simon (1984- ),1
1550,Jesus Christ,1
1551,East Coast (US),1
1552,Garcetti Eric M,1
1553,High Society (Exhibit),1
1554,Rippon Adam,1
1555,Powell Dina,1
1556,Shuvalov Igor I,1
1557,Puerto Ricans,1
1558,Conway Kellyanne,1
1559,Old Stock: A Refugee Love Story (Play),1
1560,Shandling Garry,1
1561,Whistle Down the Wind (Album),1
1562,Grassley Charles E,1
1563,United Airlines,1
1564,Reptiles,1
1565,Liability for Products,1
1566,Levy Caissie,1
1567,Names Geographical,1
1568,Parwana Afghan Kitchen (Adelaide Australia Restaurant),1
1569,Givenchy Hubert de,1
1570,Moss Mitchell L,1
1571,Kennedy Space Center,1
1572,Stamos Alex (1979- ),1
1573,Major League Baseball,1
1574,World Health Organization,1
1575,Mummies and Mummification,1
1576,Ottoman Empire,1
1577,Federal Trade Commission,1
1578,Great Mills High School (Great Mills Md),1
1579,Wilson Charles B (1929-2018),1
1580,Mara Salvatrucha (MS-13),1
1581,Humanitarian Aid,1
1582,Van Gogh Museum,1
1583,Trevor Project,1
1584,Paul Justin,1
1585,Carrington Leonora,1
1586,Annadale (Staten Island NY),1
1587,Alberta (Canada),1
1588,Elliott Marianne,1
1589,H & M Hennes & Mauritz AB,1
1590,Salman King of Saudi Arabia,1
1591,Bermuda,1
1592,Topanga (Calif),1
1593,Central Valley (Calif),1
1594,International Atomic Energy Agency,1
1595,Inspectors General,1
1596,Libertarianism (US Politics),1
1597,Long Nia (1970- ),1
1598,Oldman Gary,1
1599,Meier Richard,1
1600,Hanson Gordon (1964- ),1
1601,Shame (Music Group),1
1602,Bureau of Alcohol Tobacco and Firearms,1
1603,Yiu Carson,1
1604,Roxanne Roxanne (Movie),1
1605,Hawking Jane,1
1606,Tumors,1
1607,OpenTable Inc,1
1608,National Nuclear Security Administration,1
1609,Be the Parent Please: Stop Banning Seesaws and Start Banning Snapchat: Strategies for Solving the Real Parenting Problems (Book),1
1610,Rome (Italy),1
1611,Palo Alto (Calif),1
1612,Iijima Masaya,1
1613,Instant Pot Co,1
1614,Service Industries,1
1615,Museum of Modern Art,1
1616,Brownstones,1
1617,Sierra Club,1
1618,Concussions,1
1619,AT&T Inc,1
1620,Dollar General Corp,1
1621,Olympic National Park (Wash),1
1622,Cortlandt Manor (NY),1
1623,Chateau Aney Winery (Bordeaux France),1
1624,On My Block (TV Program),1
1625,Asher Jay,1
1626,Perot Ross,1
1627,Forty Girls (Play),1
1628,Double Edge Theater,1
1629,Park Avenue Armory (Manhattan NY),1
1630,Polster Dan Aaron,1
1631,Williams John C,1
1632,Internal Revenue Service,1
1633,Akron (Ohio),1
1634,Hendren Nathaniel B (1982- ),1
1635,Wells Fargo & Company,1
1636,Cinque Terre (Italy),1
1637,Stahl Lesley,1
1638,McDaniel Chris (1972- ),1
1639,Preventive Medicine,1
1640,Larnell Michael,1
1641,Grand Hotel the Musical (Play),1
1642,Protective Clothing and Gear,1
1643,Cooke Olivia,1
1644,Seasons and Months,1
1645,National Anthems,1
1646,Bahama Islands,1
1647,State of the Union Message (US),1
1648,Prohibition Era (1920-1933),1
1649,Philosophy,1
1650,Child Custody and Support,1
1651,Fringe Groups and Movements,1
1652,Costello Ryan (1976- ),1
1653,Hagerman Erik (1964- ),1
1654,aRoqa (Manhattan NY Restaurant),1
1655,Novartis AG,1
1656,Roller Derby,1
1657,OxyContin (Drug),1
1658,Robberies and Thefts,1
1659,Autopsies,1
1660,Amputation,1
1661,Hamdallah Rami,1
1662,Ellis Island (NYC),1
1663,Adobe Systems Inc,1
1664,Skopje (Macedonia),1
1665,Pacific Alliance,1
1666,Civilian Complaint Review Board,1
1667,Instant Messaging,1
1668,Krim Nessie,1
1669,University of Virginia,1
1670,Coney Island (Brooklyn NY),1
1671,Glasgow (Scotland),1
1672,National Civil Rights Museum,1
1673,Old Monk (Manhattan NY Restaurant),1
1674,O'Neal Aidan (Chef),1
1675,Liberty Helicopter,1
1676,Cornyn John,1
1677,Biology Letters (Journal),1
1678,Mushrooms,1
1679,Federal Aviation Administration,1
1680,University of Kansas,1
1681,Culture Project,1
1682,Child Care,1
1683,Tucson (Ariz),1
1684,New York City Center Theater,1
1685,Mandiant Corp,1
1686,Holidays and Special Occasions,1
1687,Greenberg Douglas E,1
1688,Ibsen Henrik,1
1689,Dropouts,1
1690,East Harlem (Manhattan NY),1
1691,Berehulak Daniel (1975- ),1
1692,Mao Zedong,1
1693,Customs Etiquette and Manners,1
1694,Social Security (US),1
1695,New Haven (Conn),1
1696,Montana,1
1697,Williams Marlon (1990- ),1
1698,Air France,1
1699,Three Tall Women (Play),1
1700,Ready Player One (Book),1
1701,Subprime Mortgage Crisis,1
1702,van der Zwaan Alex,1
1703,Palmieri Jennifer,1
1704,WikiLeaks,1
1705,United States Steel Corporation,1
1706,Cleveland (Miss),1
1707,Battilana Ambra,1
1708,South Carolina,1
1709,RT (TV Network),1
1710,Hayes Helen Theater,1
1711,Legal Aid Society,1
1712,Rejjie Snow (1993- ),1
1713,Federal Lands,1
1714,Winter (Season),1
1715,Falcons,1
1716,Nisei Farmers League,1
1717,Yatsunov Artem,1
1718,Moody's Corporation,1
1719,Trowe Nolan Ryan,1
1720,Sasto Joe (Chef),1
1721,Pressley Ayanna,1
1722,Vance Courtney B,1
1723,Abrons Arts Center,1
1724,Asylum Right of,1
1725,Stamford (Conn),1
1726,Martin Trayvon,1
1727,Center for American Progress,1
1728,Jazz,1
1729,Cuernavaca (Mexico),1
1730,Dresses,1
1731,Auburn (Ala),1
1732,Halperin Mark,1
1733,Benghazi Attack (2012),1
1734,Sabotage (Crime),1
1735,Arkansas,1
1736,Forrest George,1
1737,Lujan Ben Ray,1
1738,Suits (Apparel),1
1739,Chemotherapy,1
1740,Philosophical Transactions of the Royal Society B (Journal),1
1741,Boycotts,1
1742,Buonarroti Michelangelo,1
1743,University of Maryland-Baltimore County,1
1744,Updike John,1
1745,Leicester (England),1
1746,Monks Alyssa,1
1747,Hold Still (Book),1
1748,Sabers and Utopias: Visions of Latin America (Book),1
1749,University of Copenhagen,1
1750,CBS Corporation,1
1751,Cocoa,1
1752,Livingston (NJ),1
1753,Woodson Jules,1
1754,Software,1
1755,Nineteen Hundred Eighties,1
1756,Wu-Tang Clan,1
1757,University of Pittsburgh Medical Center,1
1758,Vacuum Cleaners,1
1759,Grief (Emotion),1
1760,Informers,1
1761,Gap Inc,1
1762,Brady Kevin (1955- ),1
1763,Roxie Theater (San Francisco Calif),1
1764,Freedom of Religion,1
1765,Federal Emergency Management Agency,1
1766,LCT3,1
1767,Singh Harendra,1
1768,Spiegel Ruby Rae,1
1769,Reno (Nev),1
1770,Ginsburg Ruth Bader,1
1771,Tax Preparers and Preparation,1
1772,Starcity Properties Inc,1
1773,Redding (Conn),1
1774,Fines (Penalties),1
1775,Police Department (Los Angeles Calif),1
1776,USA Hockey,1
1777,Wiener Scott (1970- ),1
1778,Alternative for Germany,1
1779,Schaaf Libby (1965- ),1
1780,Oliver John,1
1781,Postal Service and Post Offices,1
1782,Layoffs and Job Reductions,1
1783,Bush George Prescott,1
1784,Stevens John Paul,1
1785,Riggs Nina (1977-2017),1
1786,Allergies,1
1787,Salmonella (Bacteria),1
1788,Short Hills (NJ),1
1789,Sidewalks,1
1790,Chile,1
1791,Moorcones Michael A,1
1792,Popular Party (Spain),1
1793,Antarctic Regions,1
1794,Rio Grande Valley (Tex),1
1795,Reservations (Airlines Hotels Etc.),1
1796,Washington Metropolitan Area Transit Authority,1
1797,Merrick (NY),1
1798,Dear Madam President: An Open Letter to the Women Who Will Run the World (Book),1
1799,Riley Naomi Schaefer,1
1800,Johnson Boris,1
1801,TBS Network,1
1802,Columbine High School,1
1803,Dumbo (Brooklyn NY),1
1804,Novo Nordisk A/S,1
1805,Regeneron Pharmaceuticals Inc,1
1806,Peterson Peter G Institute for International Economics,1
1807,Laundry and Laundromats,1
1808,Birthdays,1
1809,Parades,1
1810,All-American (Play),1
1811,ProPublica,1
1812,Cosi Fan Tutte (Opera),1
1813,Rumsfeld Donald H,1
1814,St Patrick's Day,1
1815,Jonesboro (Ark),1
1816,Internet Research Agency (Russia),1
1817,Norris Bruce (1966- ),1
1818,Jessica Jones (TV Program),1
1819,Rouhani Hassan,1
1820,Fields Joel H (1964- ),1
1821,Parsnips,1
1822,LVMH Moet Hennessy Louis Vuitton SA,1
1823,Key West (Fla),1
1824,National Front (France),1
1825,Paulsen Erik (1965- ),1
1826,Drug Policy Alliance,1
1827,Scovell Nell,1
1828,Koch David H,1
1829,RZA,1
1830,Anderson-Lopez Kristen,1
1831,Powley Bel,1
1832,For-Profit Schools,1
1833,Stations and Terminals (Passenger),1
1834,Lynch Heather J,1
1835,Bunshaft Gordon,1
1836,Janney Allison,1
1837,Union Theological Seminary,1
1838,Tangerines,1
1839,Albee Edward,1
1840,Celebrities,1
1841,Eilish Billie,1
1842,Principals (School),1
1843,Dix Hills (NY),1
1844,DaDong New York (Manhattan NY Restaurant),1
1845,Johnson Jeremiah W (1977-2017),1
1846,Sexting,1
1847,Syham Neil,1
1848,Big East Conference,1
1849,Exploration and Explorers,1
1850,Ives Jeanne M,1
1851,Salamoni Blane M (1987- ),1
1852,Sake,1
1853,Horowitz Michael E,1
1854,United States Marine Corps,1
1855,Williams College,1
1856,Oakdale (NY),1
1857,Foster Care,1
1858,Financial District (Manhattan NY),1
1859,Amnesties Commutations and Pardons,1
1860,Wordham Heather,1
1861,Directors Guild of America,1
1862,Carey Peter,1
1863,Extraordinary Rendition,1
1864,Universal Judgment: Michelangelo and the Secrets of the Sistine Chapel (Exhibit),1
1865,Weisman Jonathan,1
1866,Journal of Pediatrics,1
1867,QVC Inc,1
1868,Dreamscape Immersive Inc,1
1869,Bald Eagles,1
1870,Torrey E Fuller,1
1871,Hunterdon County (NJ),1
1872,Rogers Fred,1
1873,Natural Gas,1
1874,Bush George W Presidential Library and Museum,1
1875,Behemoth: A History of the Factory and the Making of the Modern World (Book),1
1876,Page Larry,1
1877,Automobile Financing,1
1878,Erdogan Recep Tayyip,1
1879,Ghotra Satvinder,1
1880,Sepuya Paul Mpagi,1
1881,La Cuneta Son Machin (Music Group),1
1882,Equality of Opportunity Project,1
1883,Real Estate Brokers,1
1884,Black Liberation Army,1
1885,Syrian Army,1
1886,Contis Sam,1
1887,Murnane Gerald (1939- ),1
1888,Rahi (Manhattan NY Restaurant),1
1889,Heastie Carl E,1
1890,Mann Sally,1
1891,Gagosian Gallery,1
1892,McDermott Phelim,1
1893,Tipirneni Hiral,1
1894,Maine,1
1895,McCann Brian (1984- ),1
1896,Highpoint Church (Memphis Tenn),1
1897,Garfield Andrew,1
1898,Mercosur,1
1899,Leonard Zoe,1
1900,Amtrak,1
1901,Vatican Museums,1
1902,Tow Claire Theater (Manhattan NY),1
1903,European Sovereign Debt Crisis (2010- ),1
1904,Solomon David M,1
1905,Labeling and Labels (Product),1
1906,Zhenxiang Dong,1
1907,59E59 Theaters,1
1908,SecureWorks,1
1909,Port Authority of New York and New Jersey,1
1910,Frozen (Play),1
1911,Fidesz Party,1
1912,Spiders,1
1913,Geothermal Power,1
1914,Consumer Reviews,1
1915,Rescues,1
1916,Corporations,1
1917,Angelle Scott Anthony (1961- ),1
1918,Elektra (Opera),1
1919,Lydic Desi (1981- ),1
1920,Proceedings of the Royal Society B (Journal),1
1921,Independent Democratic Conference (New York State Senate),1
1922,Brainard Lael,1
1923,Lincoln Center Theater,1
1924,Police,1
1925,Brothers of Italy (Italian Political Party),1
1926,Siberia,1
1927,Speed Limits and Speeding,1
1928,This Is Us (TV Program),1
1929,Ex-Convicts,1
1930,Harty Tom,1
1931,JuneBaby (Seattle Wash Restaurant),1
1932,Quinn Christine C,1
1933,Carnegie Hill (Manhattan NY),1
1934,Kosher Foods and Products,1
1935,Chandler Saul R (1947- ),1
1936,Cemeteries,1
1937,Organization for Economic Cooperation and Development,1
1938,Cyberattacks and Hackers,1
1939,Fennel,1
1940,Irish-Americans,1
1941,Alexie Sherman,1
1942,Bible,1
1943,Mekas Jonas,1
1944,Hunting and Trapping,1
1945,Schertz (Tex),1
1946,Ballymaloe Cookery School,1
1947,Gymnastics,1
1948,High Net Worth Individuals,1
1949,Guitars,1
1950,Zionism,1
1951,Kaur Kamal,1
1952,Reddit Inc,1
1953,Plimpton George,1
1954,Chateau Moulin Winery (Bordeaux France),1
1955,Schatz Brian,1
1956,LifeEdited,1
1957,Nordic Countries,1
1958,Charleston (SC),1
1959,Assets Frozen,1
1960,Oz Amos,1
1961,Tests (Medical),1
1962,Moscovitch Hannah,1
1963,Kosovo,1
1964,McBryde Ashley,1
1965,Columbine (Colo),1
1966,Wrestling,1
1967,Ho Chi Minh,1
1968,Capital Gains Tax,1
1969,PricewaterhouseCoopers,1
1970,Current Biology (Journal),1
1971,Railroads,1
1972,Roe v Wade (Supreme Court Decision),1
1973,Russell Keri,1
1974,Propaganda,1
1975,Byford Andrew,1
1976,Korean-Americans,1
1977,Hasselgren Malin,1
1978,Trust (TV Program),1
1979,The Apprentice (TV Program),1
1980,Homer,1
1981,Mouthfeel (Magazine),1
1982,Noodles,1
1983,Blumberg Alex (1966- ),1
1984,Sekulow Jay Alan,1
1985,Port St Lucie (Fla),1
1986,Political Action Committees,1
1987,Navient Corporation,1
1988,LG Electronics,1
1989,Puigdemont Carles (1962- ),1
1990,New York University,1
1991,Alligators,1
1992,Attorneys General,1
1993,Apples,1
1994,King Steven A,1
1995,Stockbridge (Mass),1
1996,Vogue,1
1997,Bradford (England),1
1998,Birth Rates,1
1999,Buena Park (Calif),1
2000,Koninklijke Ahold N.V.,1
2001,Virtual Reality (Computers),1
2002,North End Grill (Manhattan NY),1
2003,Beit Hanoun (Gaza Strip),1
2004,Costa Rica,1
2005,National Assn of School Resource Officers,1
2006,My Lai (Vietnam),1
2007,Pro Football Hall of Fame,1
2008,New York Public Interest Research Group,1
2009,Curbelo Carlos (1980- ),1
2010,Wells Ida B,1
2011,Welfare (US),1
2012,Luff Alison,1
2013,Odyssey (Book),1
2014,Fish Farming,1
2015,Congo Republic of (Congo-Brazzaville),1
2016,Barry Christian,1
2017,Abramovich Roman A,1
2018,Zuma Jacob G,1
2019,Abstinence (Sexual),1
2020,Avocados,1
2021,Man Booker Prize,1
2022,Shawangunk Correctional Facility,1
2023,Beltrame Arnaud,1
2024,Brown Linda (1943-2018),1
2025,Yellow Fever,1
2026,MGM Resorts International,1
2027,RuPaul's Drag Race All Stars (TV Program),1
2028,Tax Shelters,1
2029,National Basketball Assn,1
2030,Lakdim Radouane,1
2031,Healey Maura (1971- ),1
2032,Carlson Matthew,1
2033,Tests (Drug Use),1
2034,A Long Way From Home (Book),1
2035,Jarabulus (Syria),1
2036,Libya,1
2037,Turki Prince of Saudi Arabia,1
2038,Soups,1
2039,USA Gymnastics,1
2040,Web-Original Programming,1
2041,Dictionaries,1
2042,Sigfusson Jon (Chef),1
2043,Volkswagen AG,1
2044,Restoration and Renovation,1
2045,Industrial Light and Magic,1
2046,United Nations High Commission for Refugees,1
2047,Office of Administrative Trials and Hearings (NYC),1
2048,Kitchens,1
2049,Grossman Edith,1
2050,North Carolina,1
2051,Reagle Merl (1950-2015),1
2052,Oregon,1
2053,Goerke Christine,1
2054,Lore (TV Program),1
2055,Udall Tom,1
2056,Pritzker Prize,1
2057,Gershwin George,1
2058,Graham Billy,1
2059,Iungerich Lauren,1
2060,Celebrity Apprentice (TV Program),1
2061,The Low Road (Play),1
2062,Miller Stephen (1985- ),1
2063,Rice,1
2064,Graduation Rates,1
2065,Abbott Gregory W (1957- ),1
2066,Delays (Transportation),1
2067,Douglass Frederick,1
2068,Rolls-Royce Motor Cars,1
2069,Kansas,1
2070,Madigan Sheri,1
2071,Manila (Philippines),1
2072,An Enemy of the People (Play),1
2073,Skateboarding,1
2074,Smoot-Hawley Tariff Act (1930),1
2075,Wonder Woman (Fictional Character),1
2076,Rand Corp,1
2077,Trump Vanessa,1
2078,Alexa & Katie (TV Program),1
2079,Goldberg Jeffrey,1
2080,Appeals Courts (US),1
2081,Piper Billie,1
2082,Darkest Hour (Movie),1
2083,New Canaan (Conn),1
2084,Shah Naseem (1973- ),1
2085,DeLappe Sarah,1
2086,Troy (NY),1
2087,Dashner James,1
2088,Grand Hotel (Pristina Kosovo Hotel),1
2089,Christmas,1
2090,Rajoy Mariano,1
2091,Calley William L,1
2092,Gervais Ricky,1
2093,Democratic National Convention,1
2094,Culberson John,1
2095,Lee Jennifer (1971- ),1
2096,Badshah (Manhattan NY Restaurant),1
2097,Organization for the Prohibition of Chemical Weapons,1
2098,Mozart Wolfgang Amadeus,1
2099,Catholic Youth Organization,1
2100,Kushner Anna,1
2101,Martinez Nector (New York NY Police Officer),1
2102,South by Southwest Music and Media Conference,1
2103,Steele Christopher (1964- ),1
2104,(((Semitism))): Being Jewish in America in the Age of Trump (Book),1
2105,Mount Etna (Italy),1
2106,Welcome to Night Vale (Radio Program),1
2107,Frenchette (Manhattan NY Restaurant),1
2108,American Airlines,1
2109,Saleh Magda,1
2110,Thai Food (Cuisine),1
2111,Silverstein Jonathan (Theater Director),1
2112,Blankenship Don L,1
2113,O'Connor Sandra Day,1
2114,Living Wills and Health Care Proxies,1
2115,Kinane Sean (New York NY Police Officer),1
2116,Jewish Chronicle The,1
2117,Van Saun Alan,1
2118,Getty J Paul Museum,1
2119,Crocodiles,1
2120,Foreign Students (in US),1
2121,Platt Ben (1993- ),1
2122,Fairway Supermarkets,1
2123,Harlem (Manhattan NY),1
2124,Journal of Neuroscience,1
2125,Sports Injuries,1
2126,Winnie-the-Pooh (Fictional Character),1
2127,Dodd-Frank Wall Street Reform and Consumer Protection Act (2010),1
2128,Electronic Health Records,1
2129,Washington Heights (Manhattan NY),1
2130,Abloh Virgil,1
2131,Science and Technology,1
2132,Tortillas,1
2133,Brooklyn Academy of Music,1
2134,Hobbies,1
2135,FireEye Inc,1
2136,Nonsteroidal Anti-inflammatory Drugs (NSAIDs),1
2137,City Planning Department (NYC),1
2138,United Nations Human Rights Council,1
2139,Rosenberg Melissa (1962- ),1
2140,Bloomberg Michael R,1
2141,Danger Islands (Antarctica),1
2142,St John (Virgin Islands),1
2143,Brady Campaign to Prevent Gun Violence,1
2144,Cairo (Egypt),1
2145,Last Week Tonight With John Oliver Presents: A Day in the Life of Marlon Bundo (Book),1
2146,Liberace Wladziu Valentino,1
2147,Rauner Bruce,1
2148,Prayers and Prayer Books,1
2149,401(k) 403(b) and 457 Plans,1
2150,Demolition,1
2151,Agronin Marc E,1
2152,Computer Vision,1
2153,Bob Honey Who Just Do Stuff (Book),1
2154,Walrond Michael A,1
2155,Doughnuts,1
2156,Nineteenth Amendment (US Constitution),1
2157,Howard Dylan,1
2158,BlackBerry,1
2159,Johnston David Cay,1
2160,Carvey Dana,1
2161,Attacks on Police,1
2162,Yousafzai Malala,1
2163,Mister Rogers' Neighborhood (TV Program),1
2164,Cambodia,1
2165,Stroke,1
2166,Plath Sylvia,1
2167,Stadiums and Arenas,1
2168,Klein Jeffrey D,1
2169,Fox Vivica A,1
2170,Value-Added Tax,1
2171,Atlanta Braves,1
2172,Prince Erik D,1
2173,Jimenez Modesto,1
2174,2 Dope Queens (Radio Program),1
2175,Zandi Mark,1
2176,Grandage Michael,1
2177,Spencer Richard B (1978- ),1
2178,Angola,1
2179,Cape Town (South Africa),1
2180,Figueroa Hector J,1
2181,Playboy Magazine,1
2182,Abadi Haider al-,1
2183,Arts and Antiquities Looting,1
2184,Turnbull Malcolm (1954- ),1
2185,Laptop Computers,1
2186,Anbar Province (Iraq),1
2187,Richmond Jeff (1961- ),1
2188,Group Homes and Supportive Housing,1
2189,Consumer Affairs Department (NYC),1
2190,Pancakes,1
2191,Sachs Ellie (Film Director),1
2192,Medicaid,1
2193,Hudson Heights (Manhattan NY),1
2194,Chez Ma Tante (Brooklyn NY Restaurant),1
2195,Penguins,1
2196,Bourdain Anthony,1
2197,Apatow Judd,1
2198,Lawrence Livermore National Laboratory,1
2199,Indexers and Indexing,1
2200,Old Greenwich (Conn),1
2201,Renzi Matteo,1
2202,Kennedy Dermot (1992- ),1
2203,Congestion Pricing,1
2204,Bulgaria,1
2205,Kapoor Sanjeev,1
2206,Los Angeles County Sheriff's Department,1
2207,Anger (Emotion),1
2208,Pizza,1
2209,African National Congress,1
2210,Superorganism (Music Group),1
2211,Seattle (Wash),1
2212,Rocket Science and Propulsion,1
2213,Auckland (New Zealand),1
2214,Hudson Yards (Manhattan NY),1
2215,Caribou,1
2216,Cox Chris W,1
2217,Senate Committee on Homeland Security and Governmental Affairs,1
2218,Working Hours,1
2219,Dry Land (Play),1
2220,Kobach Kris W,1
2221,Rogers Michael S,1
2222,Simpson O J,1
2223,New York Police and Fire Widows' and Children's Benefit Fund,1
2224,Kamenetz Anya (1980- ),1
2225,Budapest (Hungary),1
2226,Taylor Amiri,1
2227,Soccer,1
2228,Rationing and Allocation of Resources,1
2229,Hochul Kathleen C,1
2230,Czech Republic,1
2231,Jones Rachel Bay,1
2232,Home Appliances,1
2233,Tulsa (Okla),1
2234,Brick and Tile,1
2235,Admissions Standards,1
2236,Billions (TV Program),1
2237,Barquera Simon,1
2238,Penn Sean,1
2239,Rensselaer Polytechnic Institute,1
2240,Kepler Space Telescope,1
2241,Hepatitis,1
2242,Cauliflower,1
2243,Proceedings of the National Academy of Sciences,1
2244,Child Car Seats,1
2245,StartUp (Radio Program),1
2246,Mothers Against Drunk Driving,1
2247,Group of Twenty,1
2248,Wind Power,1
2249,Pennsylvania Higher Education Assistance Agency,1
2250,Pritzker J B,1
2251,Fruit,1
2252,Alex Inc (TV Program),1
2253,South Orange (NJ),1
2254,Center for Strategic and International Studies,1
2255,Starr Matt (Film Director),1
2256,Hussein Saddam,1
2257,Catholic Relief Services,1
2258,Newman Marie (1964- ),1
2259,Sassou-Nguesso Denis,1
2260,O'Rourke Beto,1
2261,Landrieu Mitch,1
2262,Sensors,1
2263,Gershwin Alan (1926-2018),1
2264,Philippines,1
2265,Black-ish (TV Program),1
2266,Love Simon (Movie),1
2267,Lamb,1
2268,Antidepressants,1
2269,Move NY,1
2270,Lumineer Academy,1
2271,Bullies,1
2272,Chemicals,1
2273,Montalcino (Italy),1
2274,Lesko Debbie (1958- ),1
2275,Cleansers Detergents and Soaps,1
2276,Croissants,1
2277,Strategic Arms Reduction Treaty,1
2278,Animated Films,1
2279,Pesh Merga,1
2280,Dudley William C,1
2281,Transiting Exoplanet Survey Satellite (Spacecraft),1
2282,Personal Bankruptcies,1
2283,Nashville (Tenn),1
2284,Drug Enforcement Administration,1
2285,Marijuana,1
2286,Mercy Corps,1
2287,Kennedy Christopher,1
2288,Cholesterol,1
2289,Thomas Christopher (New York NY Police Officer),1
2290,Union Carbide Corp,1
2291,Savage Andy (Pastor),1
2292,Waterboarding,1
2293,Shaw Grace (Mallrat),1
2294,Taymor Danya,1
2295,Cafeterias,1
2296,Indian-Americans,1
2297,It's Even Worse Than You Think: What the Trump Administration Is Doing to America (Book),1
2298,Salvo Joseph J,1
2299,Minorities,1
2300,Essex Crossing (Manhattan NY),1
2301,Mississippi,1
2302,Genetics (Journal),1
2303,United Nations Command,1
2304,World Food Program,1
2305,Hezbollah,1
2306,Foxes,1
2307,Armento Kevin,1
2308,Acquired Immune Deficiency Syndrome,1
2309,Massachusetts Institute of Technology,1
2310,Financial Planners,1
2311,Home Health Care,1
2312,Embalming,1
2313,Kushner Charles,1
2314,Thomashow Amanda,1
2315,Rajagopal MR,1
2316,Wu Susan (Technology Executive),1
2317,Midwood (Brooklyn NY),1
2318,Folk Music,1
2319,Nicholaw Casey,1
2320,Cohen Leonard,1
2321,Yu Gwan-sun (1902-20),1
2322,Smith & Wesson,1
2323,Happiness Is a Choice You Make: Lessons From a Year Among the Oldest Old (Book),1
2324,Washing Machines and Dryers,1
2325,Haass Richard N,1
2326,Eisenhower Dwight David,1
2327,Haaland Deb,1
2328,Couture (Fashion),1
2329,Rocky (Movie),1
2330,Baby Foods,1
2331,New Zealand,1
2332,Yemen,1
2333,Associated Press,1
2334,Nepal,1
2335,Fishing Commercial,1
2336,Ethiopia,1
2337,Whirlpool Corporation,1
2338,Genoa (Italy),1
2339,Padilha Jose,1
2340,Philadelphia 76ers,1
2341,Montreal Expos,1
2342,Trans-Hudson Passenger Rail Tunnel,1
2343,Waters Alice,1
2344,Boston University,1
2345,Newsletters,1
2346,The Zen Diaries of Garry Shandling (TV Program),1
2347,Red Hook (Brooklyn NY),1
2348,Ephron Nora,1
2349,Clifton (NJ),1
2350,Hollywood (Calif),1
2351,Later Life (Play),1
2352,Bones,1
2353,Bremer L Paul III,1
2354,Whitman Walt,1
2355,Sauces,1
2356,Topeka (Kan),1
2357,True Blue NY,1
2358,BRAC (Bangladesh),1
2359,Madagascar,1
2360,Nineteen Hundred Sixties,1
2361,Staten Island Ferry,1
2362,Volcanoes,1
2363,Fourth Amendment (US Constitution),1
2364,Islamabad (Pakistan),1
2365,Consumer Financial Protection Bureau,1
2366,North Pole,1
2367,Livingstone Ken,1
2368,Connecticut,1
2369,Marlon Bundo's Day in the Life of the Vice President (Book),1
2370,Censorship,1
2371,Health and Human Services Department,1
2372,Cook Timothy D,1
2373,Friendship,1
2374,Murkowski Lisa,1
2375,Litvinenko Alexander V,1
2376,Masks,1
2377,City Island (Bronx NY),1
2378,Justice James C II,1
2379,Civil Rights Corps,1
2380,Lesbos (Greece),1
2381,Commercial Paper (Finance),1
2382,Brown v Board of Education (Supreme Court Decision),1
2383,Argentina,1
2384,Bail,1
2385,Eating Disorders,1
2386,Fish and Wildlife Service,1
2387,Long Island Rail Road Co,1
2388,Ham,1
2389,Mongolia,1
2390,Whitehouse Sheldon,1
2391,Miami-Dade County (Fla),1
2392,Monkeys and Apes,1
2393,Rodriguez Samuel Jr (1969- ),1
2394,Alternative and Renewable Energy,1
2395,Easter Island,1
2396,National Portrait Gallery (London),1
2397,Fukuyama Francis,1
2398,Military Aircraft,1
2399,Recycling of Waste Materials,1
2400,Pristina (Kosovo),1
2401,Sidney (Ohio),1
2402,Morgan Stanley,1
2403,Sideshows by the Seashore,1
2404,Moritomo Gakuen,1
2405,Malaysia,1
2406,Pangaea,1
2407,Ferguson (Mo),1
2408,Morgan Library & Museum,1
2409,Catalonia (Spain),1
2410,Wireless Communications,1
2411,Civil Rights and Liberties,1
2412,Commuting,1
2413,Sasse Benjamin E,1
2414,Adams Chante,1
2415,Lane Nathan,1
2416,Gibson Guitar Corp,1
2417,Clifford Chance,1
2418,Kushner Cos,1
2419,Bangladesh,1
2420,Cordray Richard,1
2421,Dancing,1
2422,Joint Chiefs of Staff,1
2423,Playgrounds,1
2424,Zappa Moon,1
2425,Geneva International Motor Show,1
2426,Rabe David,1
2427,Referendums,1
2428,Marean Curtis,1
2429,Joyce Barnaby (1967- ),1
2430,Weber Anthony (d 2018),1
2431,Cochran Thad,1
2432,Schneider Electric SA,1
2433,Abe Akie,1
2434,Buffett Jimmy,1
2435,Tavakolian Newsha,1
2436,Street Performers,1
2437,Leiber Jake (Chef),1
2438,Syjuco Stephanie,1
2439,Mayor's Fund to Advance New York,1
2440,Fireplaces,1
2441,Lacy Stephen M,1
2442,Claiborne Craig,1
2443,Columbia University,1
2444,Cerebral Palsy,1
2445,Neo Nazi Groups,1
2446,Villanova University,1
2447,Border Patrol (US),1
2448,Big Ten Conference,1
2449,Orlando Fla Shooting (2016),1
2450,Aung San Suu Kyi,1
2451,Trapeau Regis,1
2452,Lourenco Joao,1
2453,Frogs,1
2454,Reeder Ana,1
2455,Chan Zuckerberg Initiative LLC,1
2456,Traffic and Parking Violations,1
2457,Abdullah Turki bin,1
2458,Adelaide (Australia),1
2459,Mirren Helen,1
2460,Vermont,1
2461,Qahtani Ali al- (d 2017),1
2462,Government Accountability Office,1
2463,Small Business,1
2464,Tylenol (Drug),1
2465,Zimbabwe,1
2466,Mock Janet,1
2467,Shortz Will,1
2468,Bi-Lo LLC,1
2469,Torney Colin,1
2470,Johansson Scarlett,1
2471,Evanston (Ill),1
2472,Provence (France),1
2473,Navajo Indians,1
2474,Gangs,1
2475,Chaplains,1
2476,Balich Marco,1
2477,European Central Bank,1
2478,House Committee on the Judiciary,1
2479,Perozeni Michael,1
2480,Rijksmuseum,1
2481,Domestic Service,1
2482,Balconies and Terraces,1
2483,Mercury (Metal),1
2484,Met Breuer,1
2485,United Steelworkers of America,1
2486,Lake Howie J II,1
2487,Willow Village (Menlo Park Calif),1
2488,National Center for Missing and Exploited Children,1
2489,Mandalay Bay Resort and Casino,1
2490,Homeland Security Department,1
2491,Home Box Office,1
2492,Harris Ed,1
2493,Tennis,1
2494,Walmart Stores Inc,1
2495,Florham Park (NJ),1
2496,Interrogations,1
2497,Obsessive-Compulsive Disorder,1
2498,Montclair State University,1
2499,In the Pony Palace/Football (Play),1
2500,Derricks and Cranes,1
2501,Public Broadcasting Service,1
2502,DeWine Mike,1
2503,Fuel Efficiency,1
2504,Oswaldo Cruz Foundation (Rio de Janeiro Brazil),1
2505,Beatles The,1
2506,Qaim (Iraq),1
2507,High Society and Socialites,1
2508,Aso Taro,1
2509,Middle East and North Africa Unrest (2010- ),1
2510,Computer and Video Games,1
2511,Seastreak LLC,1
2512,Gramercy Park (Manhattan NY),1
2513,Blackwater Worldwide,1
2514,Levy Bernard-Henri,1
2515,First Amendment (US Constitution),1
2516,Foder Michael (New York NY Police Officer),1
2517,SamSam,1
2518,Twiss Jill (1976- ),1
2519,Sommers Christina Hoff,1
2520,Guangzhou (China),1
2521,Walking,1
2522,Gotland Island (Sweden),1
2523,National Portrait Gallery (Washington DC),1
2524,Gentrification,1
2525,Federal Open Market Committee,1
2526,McCaskill Claire,1
2527,Gulf of Maine,1
2528,Hook Brian H,1
2529,Sanders Sarah Huckabee,1
2530,Philanthropy,1
2531,South Asia,1
2532,Galveston (Tex),1
2533,Palantir Technologies,1
2534,Bordeaux (France),1
2535,L'Engle Madeleine,1
2536,Sachsenhausen Concentration Camp,1
2537,Local 32BJ,1
2538,Prickett Ivor,1
2539,Butler University,1
2540,Momofuku Seiobo (Sydney Australia Restaurant),1
2541,Shante Roxanne,1
2542,Trump Barron (2006- ),1
2543,Vargas Llosa Mario,1
2544,Duke University,1
2545,Cardiff (Wales),1
2546,Railroad Accidents and Safety,1
2547,Bravo Supermarkets,1
2548,Illiteracy,1
2549,Chinese Food (Cuisine),1
2550,Deschamps Rocxanne,1
2551,Ashley Christopher,1
2552,Concentration Camps,1
2553,Satter Tina,1
2554,Rats,1
2555,Juszkiewicz Henry E,1
2556,Voting Rights Act (1965),1
2557,Gilbert Sara,1
2558,Freeman Joshua B,1
2559,Connors Matthew (Photographer),1
2560,Keen Company,1
2561,Berkeley (Calif),1
2562,Sydney (Australia),1
2563,North America,1
2564,Viaducts,1
2565,Zucker Jeff,1
2566,Arthritis,1
2567,Retirement,1
2568,Black Panther Party,1
2569,Century Aluminum Company,1
2570,Chubb Corporation,1
2571,National Fair Housing Alliance,1
2572,McDormand Frances,1
2573,Attention Deficit Hyperactivity Disorder,1
2574,Vieques Island (Puerto Rico),1
2575,Bitcoin (Currency),1
2576,Ziegler Anna,1
2577,Morgan Tracy,1
2578,Dearden Pamela J,1
2579,Olson Theodore B,1
2580,Potholes,1
2581,The Wholehearted (Play),1
2582,Pasek Benj,1
2583,23andMe,1
2584,Frederick David C,1
2585,St Lucia,1
2586,Prison Guards and Corrections Officers,1
2587,Hargreaves Alison (1962-95),1
2588,Spam (Electronic),1
2589,Alwaleed bin Talal,1
2590,Biaggi Alessandra,1
2591,Cockroaches,1
2592,Menlo Park (Calif),1
2593,Country Music,1
2594,Reproduction (Biological),1
2595,Braff Zach,1
2596,Elections State Legislature,1
2597,Charen Mona (1957- ),1
2598,Mountain View (Calif),1
2599,Pence Charlotte,1
2600,Cruz Ted,1
2601,Debt Collection,1
2602,queens (Play),1
2603,Invasive Species,1
2604,Kenya,1
2605,Bombay Bread Bar The (Manhattan NY Restaurant),1
2606,Father's Day,1
2607,Palm Springs (Calif),1
2608,Mines and Mining,1
2609,Nuclear Nonproliferation Treaty,1
2610,Goodman Theater,1
2611,Yellow Chilli (Buena Park Calif Restaurant),1
2612,Macri Mauricio,1
2613,Madison (Ind),1
2614,Office of the United States Trade Representative,1
2615,Parker Mariah (Lingua Franca),1
2616,Forensic Science,1
2617,Lower East Side (Manhattan NY),1
2618,Sheridan Tye,1
2619,Economics (Theory and Philosophy),1
2620,Gilbert Alan,1
2621,Floods,1
2622,Overboard (Movie),1
2623,Broadway (Manhattan NY),1
2624,Hutchinson Asa,1
2625,Parks and Recreation Department (NYC),1
2626,Valentino Rudolph,1
2627,Pill Alison,1
2628,Desserts,1
2629,Syrian Democratic Forces,1
2630,Shor Miriam (1971- ),1
2631,Guthrie Theater,1
2632,Parker Morgan (Poet),1
2633,Hurricanes and Tropical Storms,1
2634,Old Lyme (Conn),1
2635,Escape to Margaritaville (Play),1
2636,Las Vegas Nev Shooting (October 2017),1
2637,Tuberculosis,1
2638,Black Bryan C (1982-2017),1
2639,Mazar-i-Sharif (Afghanistan),1
2640,Fargo (ND),1
2641,Asset Allocation (Personal Finances),1
2642,Agnew Spiro T,1
2643,United States International Trade Commission,1
2644,Schweizer Peter,1
2645,Lighting,1
2646,Taylor Rahiem,1
2647,Winfrey Oprah,1
2648,Whole Foods Market Inc,1
2649,Rose Lucy (1989- ),1
2650,Treatment Advocacy Center,1
2651,Johnson La David T (1992-2017),1
2652,Trinidad and Tobago,1
2653,FlyNYON LLC,1
2654,Paddock Stephen C (1953-2017),1
2655,Curling,1
2656,Mean Girls (Play),1
2657,Moncks Corner (SC),1
2658,Biology and Biochemistry,1
2659,Wright Dustin M (1988-2017),1
2660,Canker Sores,1
2661,Weng Ngai Lam,1
2662,Defense Contracts,1
2663,Harris Joshua (1965- ),1
2664,Lugar Richard G,1
2665,Radiation,1
2666,Oceans and Seas,1
2667,Lagos (Nigeria),1
2668,Ma Peche (Manhattan NY Restaurant),1
2669,Lenox Hill Neighborhood House,1
2670,World Series,1
2671,Buenos Aires (Argentina),1
2672,Ministers (Protestant),1
2673,Homeless Services Department (NYC),1
2674,Crossett (Ark),1
2675,Parties (Social),1
2676,Metropolitan Museum of Art,1
2677,Income,1
2678,Oaxaca (Mexico),1
2679,Ok Lah! (Queens NY Restaurant),1
2680,Birmingham (England),1
2681,Haley Nikki R,1
2682,Brown Sherrod,1
2683,Lazarus Emma,1
2684,Atheism,1
2685,It's Garry Shandling's Show (TV Program),1
2686,Protestant Churches,1
2687,Syrian Arab Red Crescent,1
2688,Erbil (Iraq),1
2689,Oil Spills,1
2690,Graham Franklin,1
2691,Weather Station (Music Group),1
2692,Levenson Steven,1
2693,Arms Trade,1
2694,University of North Carolina,1
2695,Graham Billy Library (Charlotte NC),1
2696,Rodman Dennis,1
2697,Senate Committee on Foreign Relations,1
2698,Hurd Will,1
2699,Stringer Scott M,1
2700,McCarthy Eugene J,1
2701,New York Immigration Coalition,1
2702,Kim Jong Il,1
2703,Sausages,1
2704,El Sistema,1
2705,Royal Society Open Science (Journal),1
2706,Cakes,1
2707,Central Asia,1
2708,Fishing Sport,1
2709,Cloisters The,1
2710,Deep Springs College,1
2711,Thymus Gland,1
2712,Elder Abuse,1
2713,Mosquitoes,1
2714,Naurang Chedanan (New York NY Police Officer),1
2715,Doshi Balkrishna,1
2716,Monsoons,1
2717,Clergy,1
2718,Citizens' Committee for Children of New York,1
2719,St James (NY),1
2720,Seoul (South Korea),1
2721,Harmon Joshua,1
2722,Kertesz Stefan G,1
2723,Heritage Foundation,1
2724,Tuna,1
2725,Maui (Hawaii),1
2726,WhatsApp Inc,1
2727,Ali Mahershala (1974- ),1
2728,Skull (Body Part),1
2729,University of Kentucky,1
2730,Alternative and Complementary Medicine,1
2731,Tempe (Ariz),1
2732,National Industrialization Company (Tasnee),1
2733,Iranian-Americans,1
2734,Legal Aid for the Poor (Civil),1
2735,Agent Orange (Defoliant),1
2736,Queens (NYC),1
2737,Probiotics,1
2738,Mantello Joe,1
2739,Bounty Hunters,1
2740,Coaches and Managers,1
2741,Yorktown Heights (NY),1
2742,Grow Cook Nourish: A Kitchen Garden Companion in 500 Recipes (Book),1
2743,Juilliard School,1
2744,Newtown Conn Shooting (2012),1
2745,Gowdy Trey,1
2746,Infections,1
2747,Penny Louise,1
2748,Carbon Caps and Emissions Trading Programs,1
2749,Kew Gardens Hills (Queens NY),1
2750,Woods Hole Oceanographic Institution,1
2751,Shields Brooke,1
2752,Midterm Elections (2014),1
2753,Scientific Reports (Journal),1
2754,Lorraine Motel,1
2755,Obama Michelle,1
2756,Animal Cognition,1
2757,Law and Justice (Poland),1
2758,Translation and Interpreters,1
2759,Flying Cars,1
2760,Toys 'R' Us Inc,1
2761,Kloss Karlie,1
2762,Motivation and Incentive Programs,1
2763,Cox Laverne,1
2764,Just the Funny Parts...And a Few Hard Truths About Sneaking Into the Hollywood Boys' Club (Book),1
2765,El Yunque (Puerto Rico),1
2766,Iowa,1
2767,Yale University,1
2768,Animals,1
2769,Meloni Giorgia (1977- ),1
2770,Raymond Edwin (New York NY Police Officer),1
2771,Aukin Daniel,1
2772,Border Districts (Book),1
2773,Cranston Bryan,1
2774,Caplan Ben,1
2775,Medical Devices,1
2776,Vance Cyrus R Jr,1
2777,Baum Vicki,1
2778,Tank and the Bangas (Music Group),1
2779,DNA (Deoxyribonucleic Acid),1
2780,Frazier Kenneth C,1
2781,New Mexico,1
2782,Fink Larry,1
2783,Cultural Revolution,1
2784,The Last OG (TV Program),1
2785,O'Reilly Bill,1
2786,Owunna Mikael,1
2787,Oxford (Conn),1
2788,Prospect Park (Brooklyn NY),1
2789,7 Days in Entebbe (Movie),1
2790,Roiphe Katie,1
2791,Davis Daniel (1945- ),1
2792,Stanford University,1
2793,University of California San Francisco,1
2794,Armenia,1
2795,International Committee of the Red Cross,1
2796,Greenblatt Jason D,1
2797,Aronsson Jeffry M,1
