,index,keywords
0,Trump Donald J,241
1,United States Politics and Government,185
2,New York City,49
3,Republican Party,46
4,Crossword Puzzles,40
5,Obama Barack,37
6,United States International Relations,37
7,News and News Media,32
8,Women and Girls,32
9,Patient Protection and Affordable Care Act (2010),31
10,Health Insurance and Managed Care,29
11,Presidential Election of 2016,27
12,Immigration and Emigration,26
13,New York Times,26
14,Theater,24
15,News,24
16,Senate,23
17,China,23
18,Democratic Party,22
19,Appointments and Executive Changes,22
20,Photography,21
21,Labor and Jobs,21
22,United States,21
23,Demonstrations Protests and Riots,20
24,Inaugurations,20
25,Russia,20
26,Blacks,19
27,International Trade and World Market,18
28,Refugees and Displaced Persons,16
29,Football,16
30,Children and Childhood,16
31,Restaurants,16
32,Education (K-12),16
33,United States Economy,16
34,Discrimination,15
35,House of Representatives,15
36,Putin Vladimir V,15
37,Executive Orders and Memorandums,15
38,Computers and the Internet,14
39,Television,14
40,Cooking and Cookbooks,13
41,Espionage and Intelligence Services,13
42,Families and Family Life,13
43,Supreme Court (US),12
44,Mexico,12
45,United States Defense and Military Forces,12
46,Travel and Vacations,11
47,Colleges and Universities,11
48,Politics and Government,11
49,Cyberwarfare and Defense,11
50,Muslims and Islam,11
51,Soccer,10
52,Social Media,10
53,Conflicts of Interest,10
54,Research,10
55,Presidents and Presidency (US),9
56,Women's Rights,9
57,Clinton Hillary Rodham,9
58,Justice Department,9
59,Parenting,9
60,Twitter,8
61,Psychology and Psychologists,8
62,Real Estate and Housing (Residential),8
63,Movies,8
64,Elderly,8
65,Exercise,8
66,National Football League,8
67,Economic Conditions and Trends,7
68,Sessions Jefferson B III,7
69,Books and Literature,7
70,Facebook Inc,7
71,Diet and Nutrition,7
72,Ethics and Official Misconduct,7
73,Birth Control and Family Planning,7
74,Gorsuch Neil M,7
75,Islamic State in Iraq and Syria (ISIS),6
76,DeVos Elizabeth (1958- ),6
77,Great Britain,6
78,Terrorism,6
79,Attorneys General,6
80,Classified Information and State Secrets,6
81,Basketball,6
82,Baseball,6
83,Speeches and Statements,6
84,BuzzFeed Inc,6
85,Law and Legislation,6
86,Bannon Stephen K,6
87,Pena Nieto Enrique,6
88,Drug Abuse and Traffic,6
89,European Union,6
90,Murders Attempted Murders and Homicides,6
91,Frauds and Swindling,6
92,Poetry and Poets,6
93,The Affair (TV Program),5
94,Cuomo Andrew M,5
95,Polls and Public Opinion,5
96,Rumors and Misinformation,5
97,Abortion,5
98,Native Americans,5
99,Playoff Games,5
100,Office of Congressional Ethics,5
101,Subways,5
102,Philosophy,5
103,de Blasio Bill,5
104,Contests and Prizes,5
105,Great Britain Withdrawal from EU (Brexit),5
106,Allergies,5
107,Under the Radar Festival,5
108,Personal Finances,5
109,Customs (Tariff),5
110,Washington (DC),5
111,Meditation,5
112,Tennis,5
113,California,5
114,Smartphones,5
115,Unemployment,5
116,Manhattan (NYC),5
117,Vietnam War,5
118,Ethics (Personal),5
119,Homosexuality and Bisexuality,5
120,Regulation and Deregulation of Industry,5
121,Planned Parenthood Federation of America,5
122,Transgender and Transsexuals,5
123,Keystone Pipeline System,4
124,Newspapers,4
125,Taxation,4
126,WikiLeaks,4
127,Child Abuse and Neglect,4
128,Art,4
129,Stadiums and Arenas,4
130,Syria,4
131,New York State,4
132,Doctors,4
133,Israel,4
134,Anthony Carmelo,4
135,Human Rights and Human Rights Violations,4
136,Chefs,4
137,Wines,4
138,Suits and Litigation (Civil),4
139,Pregnancy and Childbirth,4
140,Banking and Financial Institutions,4
141,Global Warming,4
142,New York Knicks,4
143,Prices (Fares Fees and Rates),4
144,Football (College),4
145,Halls of Fame,4
146,Writing and Writers,4
147,Police Brutality Misconduct and Shootings,4
148,Illegal Immigration,4
149,Muslim Americans,4
150,Income Inequality,4
151,North Atlantic Treaty Organization,4
152,May Theresa M,4
153,Hospitals,4
154,Race and Ethnicity,4
155,Music,4
156,Carson Benjamin S,4
157,Canada,4
158,Golden Globes (Awards),4
159,Historic Buildings and Sites,4
160,Whites,4
161,Factories and Manufacturing,4
162,Concussions,4
163,Transit Systems,4
164,Consumer Protection,4
165,Conway Kellyanne,4
166,Civil Rights Movement (1954-68),4
167,English Language,4
168,Green Bay Packers,4
169,Amnesties Commutations and Pardons,4
170,Gender,3
171,Smoking and Tobacco,3
172,Johnson Lyndon Baines,3
173,Food,3
174,Pain,3
175,Addiction (Psychology),3
176,Reagan Ronald Wilson,3
177,Lunar New Year,3
178,Liberalism (US Politics),3
179,Baseball Hall of Fame,3
180,Flynn Michael T,3
181,Academy Awards (Oscars),3
182,Stocks and Bonds,3
183,Police Department (NYC),3
184,Turkey,3
185,Africa,3
186,Kennedy International Airport (Queens NY),3
187,Clemson University,3
188,Streep Meryl,3
189,Student Loans,3
190,Prisons and Prisoners,3
191,Torture,3
192,Yates Sally Q (1960- ),3
193,Mattis James N,3
194,Office of Government Ethics,3
195,Manning Chelsea,3
196,Peanuts,3
197,Men and Boys,3
198,Federal Bureau of Investigation,3
199,Scalia Antonin,3
200,Germany,3
201,Conservatism (US Politics),3
202,War Crimes Genocide and Crimes Against Humanity,3
203,France,3
204,Border Barriers,3
205,Meat,3
206,Disabilities,3
207,Pence Mike,3
208,Philippines,3
209,Democratic National Committee,3
210,Charter Schools,3
211,Education Department (US),3
212,Rural Areas,3
213,Doping (Sports),3
214,Shutdowns (Institutional),3
215,Advertising and Marketing,3
216,Running,3
217,Economics (Theory and Philosophy),3
218,Federal Taxes (US),3
219,Amazon.com Inc,3
220,King Martin Luther Jr,3
221,McConnell Mitch,3
222,Physical Therapy,3
223,Workplace Environment,3
224,North American Free Trade Agreement,3
225,Rodgers Aaron,3
226,Recipes,3
227,Computer Security,3
228,Homeless Persons,3
229,Oklahoma,3
230,Cancer,3
231,Brooklyn (NYC),3
232,Jackson Phil (1945- ),3
233,Merkel Angela,3
234,Kushner Jared,3
235,Lewis John R,3
236,Carrier Corp,3
237,Obesity,3
238,Elections Mayors,3
239,India,3
240,Bars and Nightclubs,3
241,Sex Crimes,3
242,Teenagers and Adolescence,3
243,Architecture,3
244,University of Alabama,3
245,Environmental Protection Agency,3
246,Renting and Leasing (Real Estate),3
247,Asthma,3
248,CNN,3
249,Spicer Sean M (1971- ),3
250,State Department,3
251,For-Profit Schools,3
252,Sugar,3
253,State Legislatures,3
254,Reality Television,3
255,Magnum Photos,3
256,E-Mail,3
257,Medicine and Health,3
258,International Federation of Association Football (FIFA),3
259,Sports Injuries,3
260,Trans-Pacific Partnership,3
261,Public Theater,3
262,Harlem (Manhattan NY),3
263,Michigan,3
264,Homeland (TV Program),3
265,Indian Point Nuclear Power Plant (NY),3
266,New England Patriots,3
267,Traffic Accidents and Safety,3
268,Medicare,3
269,Documentary Films and Programs,3
270,Vietnam,3
271,Central Intelligence Agency,3
272,Longevity,3
273,Istanbul (Turkey),3
274,Poverty,3
275,Urban Areas,3
276,Political Prisoners,3
277,Christians and Christianity,3
278,Air Pollution,3
279,Europe,3
280,Online Advertising,3
281,Sexual Harassment,3
282,Super Bowl,3
283,Anxiety and Stress,3
284,Greenhouse Gas Emissions,3
285,Libraries and Librarians,3
286,Bush George W,3
287,Oil (Petroleum) and Gasoline,2
288,Campaign Finance,2
289,Madagascar,2
290,Pompeo Mike,2
291,Arkansas,2
292,Chronic Traumatic Encephalopathy,2
293,Rivers,2
294,Trump Barron (2006- ),2
295,Volkswagen AG,2
296,Breitbart News Network LLC,2
297,Assad Bashar al-,2
298,Sleep,2
299,Gun Control,2
300,Silicon Valley (Calif),2
301,First Ladies (US),2
302,National Debt (US),2
303,Metropolitan Museum of Art,2
304,Babies and Infants,2
305,Land Use Policies,2
306,Microsoft Corp,2
307,Nuclear Energy,2
308,Holder Eric H Jr,2
309,Foreign Workers,2
310,Weight,2
311,NIKE Inc,2
312,Baquet Dean,2
313,Third World and Developing Countries,2
314,Prostate Cancer,2
315,Cheating,2
316,Communist Party of China,2
317,Steele Christopher (1964- ),2
318,Washington (State),2
319,Affleck Casey,2
320,Weather,2
321,Fast Food Industry,2
322,Capital Punishment,2
323,Fences (Movie),2
324,Saban Nick,2
325,Infantino Gianni,2
326,National Geographic,2
327,Snowden Edward J,2
328,Manchester by the Sea (Movie),2
329,Garland Merrick B,2
330,Stations and Terminals (Passenger),2
331,Fuel Emissions (Transportation),2
332,Police Department (Chicago Ill),2
333,Artificial Intelligence,2
334,Palestinians,2
335,Insomnia,2
336,Animated Films,2
337,Agriculture Department,2
338,Value-Added Tax,2
339,Assange Julian P,2
340,Federal Budget (US),2
341,Iraq,2
342,Celebrities,2
343,Japan,2
344,Government Employees,2
345,Medicaid,2
346,Customs and Border Protection (US),2
347,Tillerson Rex W,2
348,Beef,2
349,Veterans,2
350,Eyes and Eyesight,2
351,Homeland Security Department,2
352,Thiel Peter A,2
353,Iran,2
354,Asian-Americans,2
355,Instagram Inc,2
356,Corruption (Institutional),2
357,Pipelines,2
358,Slogans and Mottoes,2
359,Entergy Corporation,2
360,Elder Care,2
361,English Premier League,2
362,Rich Katie (1983- ),2
363,Poland,2
364,Upper West Side (Manhattan NY),2
365,Happiness,2
366,Australia,2
367,United States Marine Corps,2
368,Swinney Dabo (1969- ),2
369,Layoffs and Job Reductions,2
370,Xi Jinping,2
371,Productivity,2
372,West Bank,2
373,Housing and Urban Development Department,2
374,Falwell Jerry Jr (1962- ),2
375,American Library Assn,2
376,Foster Care,2
377,Afghanistan War (2001-14),2
378,National Collegiate Athletic Assn,2
379,Sporting Goods and Equipment,2
380,Beijing (China),2
381,La MaMa ETC,2
382,National Parks Monuments and Seashores,2
383,Chelsea (Manhattan NY),2
384,Immigration Detention,2
385,Holidays and Special Occasions,2
386,Boente Dana J,2
387,Airports,2
388,Budgets and Budgeting,2
389,Comey James B,2
390,Social Conditions and Trends,2
391,Parkinson's Disease,2
392,Clemens Roger,2
393,Actors and Actresses,2
394,Buses,2
395,Chelsea (Soccer Team),2
396,Start-ups,2
397,Bonds Barry,2
398,Voter Registration and Requirements,2
399,Civil Rights and Liberties,2
400,Atlanta Falcons,2
401,Middle East,2
402,Corporate Taxes,2
403,Nuclear Weapons,2
404,Zuckerberg Mark E,2
405,Nixon Richard Milhous,2
406,New York Giants,2
407,Fringe Groups and Movements,2
408,Wireless Communications,2
409,Wages and Salaries,2
410,Times Square and 42nd Street (Manhattan NY),2
411,Customer Relations,2
412,Brady Tom,2
413,Goodlatte Robert W,2
414,Kamber Michael,2
415,Dating and Relationships,2
416,Shoes and Boots,2
417,Diabetes,2
418,Mnuchin Steven T,2
419,Education Department (NYC),2
420,Breast Cancer,2
421,Soft Drinks,2
422,College Football Playoff National Championship,2
423,Agriculture and Farming,2
424,Freedom of the Press,2
425,Consumer Financial Protection Bureau,2
426,World Cup (Soccer),2
427,Intellectual Disabilities,2
428,Environment,2
429,Midtown Area (Manhattan NY),2
430,Visas,2
431,Astoria (Queens NY),2
432,Fox News Channel,2
433,Australian Open (Tennis),2
434,Muscles,2
435,Dolan James L,2
436,Steroids,2
437,Draft and Recruitment (Sports),2
438,Kelly Megyn,2
439,Clapper James R Jr,2
440,Acrostic Puzzles,2
441,Goodell Roger,2
442,Israeli Settlements,2
443,Blood Pressure,2
444,Crime and Criminals,2
445,Hormones,2
446,Detainees,2
447,Nursing Homes,2
448,Interest Rates,2
449,Navient Corporation,2
450,Cold War Era,2
451,Automobiles,2
452,Melatonin (Hormone),2
453,Ryan Paul D Jr,2
454,Winter (Season),2
455,Defense and Military Forces,2
456,Pain-Relieving Drugs,2
457,Firearms,2
458,Rodriguez Ivan,2
459,Trump Organization,2
460,McNally Michele,2
461,Belichick Bill,2
462,Food Stamps,2
463,E-Commerce,2
464,Afghanistan,2
465,Tea Party Movement,2
466,Income Tax,2
467,Coaches and Managers,2
468,Language and Languages,2
469,Filibusters and Debate Curbs,2
470,Wiretapping and Other Eavesdropping Devices and Methods,2
471,Moonlight (Movie),2
472,Video Recordings Downloads and Streaming,2
473,Internal Revenue Service,2
474,Grandparents,2
475,Donnelly Ann M,2
476,World Press Photo Foundation,2
477,Paralysis,1
478,JPMorgan Chase & Company,1
479,Domain Names (Internet),1
480,Buenos Aires (Argentina),1
481,Madison Square Garden,1
482,Aborigines,1
483,Metropolitan Transportation Authority,1
484,Telephones and Telecommunications,1
485,Hayden Carla D (1952- ),1
486,Malpractice,1
487,Lewis Dion (1990- ),1
488,Neanderthal Man,1
489,African Union,1
490,Organ Donation,1
491,Health and Human Services Department,1
492,Navratilova Martina,1
493,Bezos Jeffrey P,1
494,Mills Doug,1
495,Miller Julia Vanarsdale,1
496,Puebla (Mexico),1
497,Tombs and Tombstones,1
498,Florida,1
499,Watergate Affair,1
500,Buchaca Marta,1
501,Genetics and Heredity,1
502,Farhadi Asghar,1
503,Denver (Colo),1
504,Forests and Forestry,1
505,Patterson Daniel (Chef),1
506,Gabbard Tulsi (1981- ),1
507,Watson Deshaun (1995- ),1
508,Eisenstaedt Alfred,1
509,North Carolina,1
510,Zietman Anthony L,1
511,Peugeot SA,1
512,Arendt Hannah,1
513,Vitamins,1
514,Trades (Sports),1
515,Navajo Indians,1
516,Jordan Anna (Playwright),1
517,Supai (Ariz),1
518,Mullen Marie,1
519,Lopez Island (Wash),1
520,Evett Benjamin,1
521,Fifth Avenue (Manhattan NY),1
522,Violence Against Women Act (1994),1
523,Staten Island (NYC),1
524,Eating Disorders,1
525,Watch What Happens Live With Andy Cohen (TV Program),1
526,Chinle (Ariz),1
527,Nwagbogu Azu,1
528,Fowler & Wells (Manhattan NY Restaurant),1
529,Vitamin C,1
530,Intrepid Sea-Air-Space Museum,1
531,Dallas Cowboys,1
532,Dietary Supplements and Herbal Remedies,1
533,New Zealand,1
534,Vitamin A,1
535,Zubaydah Abu,1
536,Heart,1
537,Oranges,1
538,Friendship,1
539,Peanut Butter,1
540,Schmidt Oliver,1
541,Gessen Masha,1
542,Hypertension,1
543,Private and Sectarian Schools,1
544,Coleridge Samuel Taylor,1
545,Neo Nazi Groups,1
546,Temperature,1
547,Duke University,1
548,Two Thousand Sixteen,1
549,Podcasts,1
550,Met Breuer,1
551,Plastic Bags,1
552,McCain John,1
553,Horowitz Michael E,1
554,Sulzberger Arthur Ochs,1
555,Baryshnikov Arts Center,1
556,International Rescue Committee,1
557,Peltier Leonard,1
558,Cullman Trip,1
559,Colicchio Tom,1
560,Carrots,1
561,Carson Rachel,1
562,Orwell George,1
563,Freaks and Geeks (Movie),1
564,The Salesman (Movie),1
565,Alidoosti Taraneh (1984- ),1
566,Westbrook Russell,1
567,Seidman Dov,1
568,Hacking Team SRL,1
569,Monroe Marilyn,1
570,Basu Poulomi,1
571,Baucus Max,1
572,Turner Kevin (1969-2016),1
573,Digestive Tract,1
574,Nairobi (Kenya),1
575,Bank Jonathan,1
576,Labeling and Labels (Product),1
577,Bengson Abigail,1
578,Meislin Richard J,1
579,Cheney Dick,1
580,Piketty Thomas,1
581,Esophageal Cancer,1
582,Karu Cafe (Queens NY Restaurant),1
583,Posada Jorge,1
584,Shepard Sterling (1994- ),1
585,Provence (France),1
586,Interrogations,1
587,Correctional Association of New York,1
588,Nom Wah Nolita (Manhattan NY Restaurant),1
589,Italy,1
590,Iron (Nutrient),1
591,Bagwell Jeff,1
592,All Star Games,1
593,Data Storage,1
594,Modi Narendra,1
595,Antibiotics,1
596,Cameroon,1
597,Surveillance of Citizens by Government,1
598,Nuts,1
599,Favre Brett,1
600,Akinleye Akintunde,1
601,Corneille Pierre,1
602,Virtual Reality (Computers),1
603,Pets,1
604,Swans,1
605,Studio Ghibli,1
606,Kinston (NC),1
607,Clinton Bill,1
608,Parker Nate,1
609,Deportivo La Coruna (Soccer Team),1
610,Funerals and Memorials,1
611,Richmond (Va),1
612,University of Ottawa,1
613,Poe Park (Bronx NY),1
614,Gibraltar,1
615,Ali Muhammad,1
616,Daily Stormer,1
617,Fritz Taylor Harry (1997- ),1
618,Ma-Yi Theater Company,1
619,Sex Education,1
620,McConaughey Matthew,1
621,Boerum Hill (Brooklyn NY),1
622,Copland Aaron,1
623,Lyon Santiago (1966- ),1
624,Breastfeeding,1
625,Mendes Jorge (1966- ),1
626,Barbagallo Jess,1
627,Paraguay,1
628,Basketball (College),1
629,Congressional Budget Office,1
630,Chili Peppers,1
631,Clijsters Kim,1
632,Slants (Music Group),1
633,Sydney (Australia),1
634,Greenhawt Matthew,1
635,Bakeries and Baked Products,1
636,Burkina Faso,1
637,Herrou Cedric,1
638,The Dick Van Dyke Show (TV Program),1
639,Sneakers,1
640,Hospice Care,1
641,American Humane Assn,1
642,MCC Theater,1
643,Writing to Save a Life: The Louis Till File (Book),1
644,Shopping Centers and Malls,1
645,Beauty Contests,1
646,Parties (Social),1
647,Malaysia Airlines Flight 370,1
648,Leicester City (Soccer Team),1
649,Lincoln Center for the Performing Arts,1
650,Grammar,1
651,Factory Farming,1
652,Clurman Harold Theater,1
653,Kraft Robert K,1
654,Sulzberger Arthur Hays,1
655,Human Rights Watch,1
656,Draft and Recruitment (Military),1
657,Downtown Brooklyn (Brooklyn NY),1
658,Bureau of Indian Affairs,1
659,The Mirror Test: America at War in Iraq and Afghanistan (Book),1
660,Middle East and Africa Migrant Crisis,1
661,Cutler David Matthew,1
662,Trademarks and Trade Names,1
663,World Economic Forum,1
664,Bananas,1
665,Clarke William T,1
666,Heartburn,1
667,Ashcroft John,1
668,Carbone Mario,1
669,Fort Leavenworth (Kan),1
670,Morsi Mohamed,1
671,Cattle,1
672,Salads,1
673,Diving (Sports Event),1
674,600 Highwaymen,1
675,Grilling (Cooking),1
676,Brain,1
677,Presidential Election of 2020,1
678,Dark Matter (Astronomy),1
679,Preventive Medicine,1
680,O'Reilly Bill,1
681,NBC News,1
682,Sunburn,1
683,Dropouts,1
684,Cookware,1
685,Greener World A,1
686,Vocational Training,1
687,Kiir Mayardit Salva,1
688,Donaldson Jared (1996- ),1
689,Havasupai Elementary,1
690,Antetokounmpo Giannis (1994- ),1
691,Roosevelt Theodore,1
692,Streeter Brandon,1
693,Therapy and Rehabilitation,1
694,Howard Vivian (1978- ),1
695,Breasts,1
696,Bribery and Kickbacks,1
697,Central Park (Manhattan NY),1
698,Guys and Dolls (Movie),1
699,Addis Ababa (Ethiopia),1
700,Lung Cancer,1
701,Fabella Dr Jose Memorial Hospital (Manila Philippines),1
702,Kovaleski Serge F,1
703,New Yorker,1
704,London (England),1
705,Uber Technologies Inc,1
706,Antioxidants,1
707,1984 (Book),1
708,Mice,1
709,Mongolia,1
710,Mogadishu (Somalia),1
711,Foreign Aid,1
712,Port Authority of New York and New Jersey,1
713,Circuses,1
714,National Highway Traffic Safety Administration,1
715,Adoptions,1
716,Zhao Ziyang,1
717,Centers for Disease Control and Prevention,1
718,University of Wisconsin-Madison,1
719,Split (Movie),1
720,Darweesh Hameed Khalid,1
721,Chickens,1
722,Rose Derrick,1
723,Sweetgreen,1
724,Trump Ivanka,1
725,Budget Travel,1
726,Democracy (Theory and Philosophy),1
727,Lack Andrew,1
728,International Tennis Hall of Fame,1
729,Senate Committee on Finance,1
730,Ahmedabad (India),1
731,Crown Heights (Brooklyn NY),1
732,Academy of Motion Picture Arts and Sciences,1
733,Hong Kong,1
734,Annisa (Manhattan NY Restaurant),1
735,Southpaw (Seattle Wash Restaurant),1
736,Nom Wah Tea Parlor (Manhattan NY Restaurant),1
737,Zucman Gabriel,1
738,Dow Jones Stock Average,1
739,Price Thomas E (1954- ),1
740,David's Friend (Play),1
741,Hidden Figures (Movie),1
742,Machar Riek,1
743,Financial District (Manhattan NY),1
744,Airport Security,1
745,Chopra Deepak,1
746,Pinter Bela and Company,1
747,History (Academic Subject),1
748,Roddick Andy,1
749,Meyer Claus,1
750,National Rifle Assn,1
751,Interscholastic Athletics,1
752,Quesne Philippe,1
753,Privatization,1
754,Freedom of Speech and Expression,1
755,Covington & Burling,1
756,Litiatco Armando,1
757,Desks,1
758,Liquor,1
759,Chekhov Anton,1
760,Kitchen The (Manhattan NY Performance Space),1
761,Swenson Will,1
762,Owen  Stefania LaVie (1997- ),1
763,Farmers' Markets,1
764,Holocaust and the Nazi Era,1
765,Chavez Holly,1
766,Diverticulosis,1
767,Washington Redskins,1
768,Ohio,1
769,Riverkeeper,1
770,Miscarriages,1
771,Austin (Tex),1
772,Treasury Department,1
773,Tax Preparers and Preparation,1
774,Comedy and Humor,1
775,Ivor Prickett,1
776,Pan Asian Repertory,1
777,Pruitt Scott,1
778,Blood Clots,1
779,Blueprint Specials (Play),1
780,National Security Council,1
781,Hygiene and Cleanliness,1
782,Walker Scott K,1
783,Energy Transfer Partners LP,1
784,Gupta Vanita,1
785,Pancreatic Cancer,1
786,Jenkins Barry,1
787,Mr C,1
788,Wills Dustin,1
789,Emergency Medical Treatment,1
790,Chico (Calif),1
791,Yen (Play),1
792,Alberta (Canada),1
793,Abbas Mahmoud,1
794,Elections,1
795,Secular Humanism,1
796,Hiring and Promotion,1
797,Reina (Istanbul Turkey Nightclub),1
798,Relocation of Business,1
799,Airlines and Airplanes,1
800,JDS Development Group,1
801,Instant Pot Co,1
802,Santiago-Hudson Ruben,1
803,Blood Donation,1
804,Conte Antonio,1
805,National Fraternal Order of Police,1
806,Umbrellas,1
807,Lhasa Fast Food (Queens NY Restaurant),1
808,Charlotte (NC),1
809,Sydney Theater Co,1
810,Mmoh Michael (1998- ),1
811,University of Western Ontario,1
812,Guzman Loera Joaquin,1
813,Special Education,1
814,Segregation and Desegregation,1
815,Cuba,1
816,Tomlinson Ladainian,1
817,SHoP Architects,1
818,Oregon,1
819,Trudeau Justin,1
820,Liverpool (Soccer Team),1
821,Surgery and Surgeons,1
822,Placebos,1
823,Ciudad Juarez (Mexico),1
824,Keys Madison,1
825,Kelly John F (1950- ),1
826,Massage,1
827,Liberia,1
828,Veganism,1
829,The Seven Year Itch (Movie),1
830,Kasher Steven Gallery,1
831,Durant Kevin,1
832,Wells Fargo & Company,1
833,Water Pollution,1
834,Harvard University,1
835,Diplomatic Service Embassies and Consulates,1
836,Delivery Services,1
837,Poe Edgar Allan,1
838,Taxicabs and Taxicab Drivers,1
839,Homeless Services Department (NYC),1
840,Lucali (Brooklyn NY Restaurant),1
841,Drugs (Pharmaceuticals),1
842,Zhao Xiaogang,1
843,Orwasher's Bakery,1
844,Hurricane Sandy (2012),1
845,Dunford Joseph F Jr,1
846,Miller Jeffrey A (1970- ),1
847,University of Washington,1
848,Oakland (Calif),1
849,Humanitarian Aid,1
850,Mouffe Chantal,1
851,Seattle (Wash),1
852,Shyamalan M Night,1
853,Knees,1
854,Apologies,1
855,The Birth of a Nation (Movie),1
856,Success Academy Charter Schools,1
857,Tax Evasion,1
858,Kreimendahl Basil,1
859,Dallas (Tex),1
860,Primaries and Caucuses,1
861,Used Cars,1
862,Alabama,1
863,Federal Reserve System,1
864,Grain,1
865,Gewirtz  Julian,1
866,Ranches,1
867,Western States (US),1
868,Icahn Carl C,1
869,Franco Angel (1951- ),1
870,Area Planning and Renewal,1
871,The Beauty Queen of Leenane (Play),1
872,Osteoarthritis,1
873,Citrus Fruits,1
874,Valencia CF (Soccer Team),1
875,Statue of Liberty,1
876,Genealogy,1
877,Autoimmune Diseases,1
878,Deaths (Fatalities),1
879,Citizenship and Naturalization,1
880,Wakka Wakka Productions,1
881,El Nino Southern Oscillation,1
882,Death and Dying,1
883,Mastectomy,1
884,Carter Thomas (1975- ),1
885,Fowle Farnsworth,1
886,Girl Scouts,1
887,Backpage.com,1
888,Gleick James,1
889,Orange Julius (Play),1
890,United Daughters of the Confederacy,1
891,Arizona,1
892,Cohen Andy (1968- ),1
893,Sierra Club,1
894,Uganda,1
895,Laundry and Laundromats,1
896,Fordham University,1
897,Jacobs Jane,1
898,Mendizabal David,1
899,Newsdealers and Newsstands,1
900,Browde Abigail,1
901,Williamsbridge (Bronx NY),1
902,Conservation of Resources,1
903,Los Angeles Chargers,1
904,Bicycles and Bicycling,1
905,Lortel Lucille Theater,1
906,Zen Hospice Project,1
907,Tuition,1
908,Oil Sands,1
909,Queen's University,1
910,Singer Peter (1946- ),1
911,Duterte Rodrigo,1
912,Wideman John Edgar,1
913,Borgognone Alessandro,1
914,Four Seasons Restaurant (Manhattan NY),1
915,Divorce Separations and Annulments,1
916,Page 73,1
917,Queensboro Bridge (NYC),1
918,Public Relations and Publicity,1
919,Sex,1
920,Journalism Schools,1
921,Tax Credits Deductions and Exemptions,1
922,Waage Kirjan,1
923,Gaghan Stephen,1
924,Defense Department,1
925,Time Warner Inc,1
926,Automobile Safety Features and Defects,1
927,Hispanic-Americans,1
928,Civilian Casualties,1
929,Parks Gordon,1
930,Brown Edmund G Jr,1
931,Boise (Idaho),1
932,Kerr Graham (1934- ),1
933,Creativity,1
934,Citigroup Inc,1
935,Corsica,1
936,White House Correspondents Assn,1
937,The Bitter Game (Play),1
938,Gjusta (Venice Calif Restaurant),1
939,Truscott Adrienne,1
940,Malleson Miles,1
941,Jackson Hewitt Tax Service Inc,1
942,Coats Dan,1
943,Bennett Naftali,1
944,Espaillat Adriano D,1
945,Atlantic Theater Co,1
946,Athletics and Sports,1
947,Hacksaw Ridge (Movie),1
948,Kushner Cos,1
949,Barrymore Ethel Theater,1
950,Animal Abuse Rights and Welfare,1
951,The Tempest (Play),1
952,Kauffman Anne,1
953,Ethiopia,1
954,American Academy of Pediatrics,1
955,Stein Deborah,1
956,Mexico City (Mexico),1
957,Museums,1
958,Fallon Jimmy,1
959,The Red Turtle (Movie),1
960,Ochs Adolph S,1
961,Selig Bud,1
962,Lo Anita,1
963,Birwe Toussaint,1
964,Nursing and Nurses,1
965,Oklahoma City Thunder,1
966,Migraine Headaches,1
967,Himalayas,1
968,Marching Bands,1
969,Humane Farm Animal Care,1
970,Fisher Carrie,1
971,Rattlestick Playwrights Theater,1
972,Fugitives,1
973,Breads Bakery (Manhattan NY),1
974,Carroll Gardens (Brooklyn NY),1
975,Guizhou (China),1
976,Shkreli Martin (1983- ),1
977,Robots and Robotics,1
978,Leukemia,1
979,Clement Paul D,1
980,Collins Landon (1994- ),1
981,Engineering and Engineers,1
982,Coryell Don,1
983,Border Patrol (US),1
984,Flowers Ereck (1994- ),1
985,Shanghai (China),1
986,Sunlight,1
987,Silverstone Michael S (1980- ),1
988,Eisenhower Dwight David,1
989,Rent Stabilization Assn,1
990,Lazaro Paola,1
991,Trout,1
992,Lula del Ray (Play),1
993,Sanle Sory,1
994,Soros George,1
995,Senate Committee on the Judiciary,1
996,Chumley's (Manhattan NY Bar),1
997,Taiwan,1
998,Skiing,1
999,Royal Families,1
1000,Gentrification,1
1001,Puzzles,1
1002,Osnes Laura,1
1003,Models (Professional),1
1004,Women&#039;s Rights,1
1005,Fear (Emotion),1
1006,Very Fresh Noodles (Manhattan NY Restaurant),1
1007,Milwaukee Bucks,1
1008,Regional Greenhouse Gas Initiative,1
1009,Dehydration,1
1010,Sleds,1
1011,Fish and Wildlife Service,1
1012,Hujar Peter,1
1013,Pigeons,1
1014,In Vitro Fertilization,1
1015,Plastic Surgery,1
1016,Chinese Food (Cuisine),1
1017,Deep Run Roots (Book),1
1018,After the Dark (Play),1
1019,Home Appliances,1
1020,LaBute Neil,1
1021,Day Kayla (1999- ),1
1022,Johnson Steve (1989- ),1
1023,Erdogan Recep Tayyip,1
1024,Chianti (Wine),1
1025,General Services Administration,1
1026,Indiana University,1
1027,Smith Adam (1723-90),1
1028,Earth,1
1029,House Committee on Ethics,1
1030,Ringling Bros and Barnum & Bailey Circus,1
1031,European Sovereign Debt Crisis (2010- ),1
1032,Hynes Garry,1
1033,Gray Elisabeth (Actor),1
1034,McCarthy Mike (1963- ),1
1035,Mutual Funds,1
1036,Tests (Drug Use),1
1037,Innovation,1
1038,Games,1
1039,Lucky Penny (Play),1
1040,Turner Ted,1
1041,Colon and Colorectal Cancer,1
1042,La La Land (Movie),1
1043,Venezuela,1
1044,South Bronx (Bronx NY),1
1045,Truman Harry S Library and Museum,1
1046,McDermott Neale (1985- ),1
1047,de Zuviria Facundo,1
1048,Mobile Applications,1
1049,Catholic Relief Services,1
1050,Indiana,1
1051,H&R Block Inc,1
1052,Yellen Janet L,1
1053,59E59 Theaters,1
1054,Political Advertising,1
1055,Blank Arthur M,1
1056,Rugby,1
1057,Socialism (Theory and Philosophy),1
1058,Tests (Medical),1
1059,TransCanada Corporation,1
1060,Fornace Sarah,1
1061,Chicago Cubs,1
1062,Albatross (Play),1
1063,Bread,1
1064,Prostate Specific Antigen,1
1065,National Intelligence Estimates,1
1066,New Jersey,1
1067,University of Wisconsin,1
1068,Apple Inc,1
1069,Graynor Ari,1
1070,Hypodermic Needles and Syringes,1
1071,Floods,1
1072,Education,1
1073,Rubin Vera (1928-2016),1
1074,Merton Thomas,1
1075,DDT (Dichlorodiphenyltrichloroethane),1
1076,Supercomputers,1
1077,MetroCard (NYC),1
1078,Dementia,1
1079,Bitzer Kirsten,1
1080,American Express Company,1
1081,Topeka (Kan),1
1082,Partnership for Public Service,1
1083,Sweet Grass Farm (Lopez Island Wash),1
1084,Tamburri Jack (1982- ),1
1085,Aloha Poke Co (Chicago Ill Restaurant),1
1086,Myrtle Beach (SC),1
1087,Kansas,1
1088,Women's Tennis Assn,1
1089,Pennsylvania,1
1090,National Democratic Redistricting Committee,1
1091,Puzder Andrew F,1
1092,Kahn Michael,1
1093,Hillsdale College,1
1094,Political Action Committees,1
1095,Jackson Heights (Queens NY),1
1096,Manual Cinema,1
1097,Elections Courts and the Judiciary,1
1098,Calories,1
1099,West Village (Manhattan NY),1
1100,St Ann's Warehouse (Brooklyn NY),1
1101,Gibson Mel,1
1102,Pasta,1
1103,National Front (France),1
1104,Locol (Oakland Calif Restaurant),1
1105,Bratton William J,1
1106,Anbang Insurance Group Co,1
1107,Thomas Clarence,1
1108,Rebates and Refunds,1
1109,Choi Roy,1
1110,Lonergan Kenneth,1
1111,Decisions and Verdicts,1
1112,Tea,1
1113,Ruth Fremson,1
1114,Fiddler on the Roof (Movie),1
1115,Chelsea Market,1
1116,Medford (NY),1
1117,Krzyzewski Mike,1
1118,Duchin Peter,1
1119,Current Directions in Psychological Science,1
1120,Boxing Day,1
1121,O'Neill James P,1
1122,Extradition,1
1123,Drought,1
1124,Kalanithi Paul (1977-2015),1
1125,Americas Society,1
1126,Acid Rain,1
1127,I Don't Know What I Can Save You From (Play),1
1128,RT (TV Network),1
1129,beIN Media Group,1
1130,Mint Theater Co,1
1131,New England Journal of Medicine,1
1132,New York Stock Exchange,1
1133,Prostitution,1
1134,Hotels and Travel Lodgings,1
1135,Malaysia,1
1136,Warnock Gwendolyn,1
1137,Harvey Steve,1
1138,PLoS One (Journal),1
1139,Turmeric (Spice),1
1140,Miller BJ (1971- ),1
1141,Grayling (Mich),1
1142,Madison Avenue (Manhattan NY),1
1143,Armenians,1
1144,Adams Eric L,1
1145,Raines Tim,1
1146,Markowski Tymon,1
1147,Lady Gaga,1
1148,McMahon Linda E,1
1149,South Sudan,1
1150,Malnutrition,1
1151,Saez Emmanuel,1
1152,Baseball Writers' Assn of America,1
1153,Endangered and Extinct Species,1
1154,Customs Etiquette and Manners,1
1155,Fish Farming,1
1156,Brda River (Poland),1
1157,Nisenholtz Martin A,1
1158,Dir Drew (1984- ),1
1159,Magazines,1
1160,Bathrooms and Toilets,1
1161,Flint (Mich),1
1162,Freeman Cameron (d 2010),1
1163,Bronx (NYC),1
1164,von Essen Max,1
1165,Iraq War (2003-11),1
1166,Food and Drug Administration,1
1167,United Nations,1
1168,Senses and Sensation,1
1169,Stone Emma,1
1170,Renfrow Hunter (1995- ),1
1171,Club Tijuana (Soccer Team),1
1172,East Germany,1
1173,Censorship,1
1174,Friedman David M (1958- ),1
1175,Cohn Gary D,1
1176,National Park Service,1
1177,Federal Trade Commission,1
1178,Gibala Martin J,1
1179,Kamoinge,1
1180,Religion and Belief,1
1181,Second Amendment (US Constitution),1
1182,Text Messaging,1
1183,The Liar (Play),1
1184,Hundred Days (Play),1
1185,Talladega College,1
1186,Bonaparte Napoleon,1
1187,Mandatory Sentencing,1
1188,ButcherBox LLC,1
1189,Boxing,1
1190,Emotions,1
1191,Fairy Tales,1
1192,Duke David E,1
1193,Torres-Gonzalez Carmen (d 2016),1
1194,TJ Maxx,1
1195,Drunken and Reckless Driving,1
1196,Mergers Acquisitions and Divestitures,1
1197,Beatrice de Gea,1
1198,Eggs,1
1199,Blackburn Rovers (Soccer Team England),1
1200,Muheisen Muhammed,1
1201,Heroin,1
1202,Cosmetics and Toiletries,1
1203,Preeclampsia,1
1204,Elections House of Representatives,1
1205,Ma Rosanne,1
1206,Mammography,1
1207,Breville Group Ltd,1
1208,Records and Achievements,1
1209,Down Syndrome,1
1210,Goldman Sachs Group Inc,1
1211,Moscow (Russia),1
1212,Lower East Side (Manhattan NY),1
1213,Barall Michi,1
1214,Voting Rights Act (1965),1
1215,Madame Tussaud&#039;s,1
1216,Corrections Corporation of America,1
1217,Burns Nora,1
1218,Guadeloupe,1
1219,Pork,1
1220,Felicetti Riccardo,1
1221,adidas AG,1
1222,American Red Cross,1
1223,Credit and Debt,1
1224,Great Northern Food Hall (Manhattan NY Restaurant),1
1225,Minorities,1
1226,Barnes Brenda C,1
1227,Smuggling,1
1228,Gonzales Alberto R,1
1229,Yours Unfaithfully (Play),1
1230,Somalia,1
1231,Common Sense Media,1
1232,Human Trafficking,1
1233,Liberty University,1
1234,Orlando Magic,1
1235,Hazard Eden,1
1236,Coffee,1
1237,New Year,1
1238,Singapore,1
1239,Musso Carlo,1
1240,Cabernet Sauvignon (Wine),1
1241,Damon Winter,1
1242,Trump Melania,1
1243,Hollywood Foreign Press Assn,1
1244,Population,1
1245,Pinot Noir (Wine),1
1246,Work-Life Balance,1
1247,Power Samantha,1
1248,Redistricting and Reapportionment,1
1249,Manafort Paul J,1
1250,Saturday Night Live (TV Program),1
1251,Friedman Samuel J Theater,1
1252,San Diego Chargers,1
1253,Cookies,1
1254,England,1
1255,Elephants,1
1256,Bravo,1
1257,Lim Peter (1953- ),1
1258,Conservative Party (Great Britain),1
1259,Aviation Accidents Safety and Disasters,1
1260,Archaeology and Anthropology,1
1261,Bengson Shaun,1
1262,Jerusalem (Israel),1
1263,Crowd Cow Inc,1
1264,Kennedy John Fitzgerald,1
1265,Financial Aid (Education),1
1266,Oxfam,1
1267,Silent Spring (Book),1
1268,World Series,1
1269,Smith Ben E,1
1270,Mattos Ignacio,1
1271,Scholarships and Fellowships,1
1272,Deaths (Obituaries),1
1273,Santa Monica (Calif),1
1274,McAuliffe Terry,1
1275,Pesticides,1
1276,Beckham Odell Jr,1
1277,Cuisinart,1
1278,Constitution (US),1
1279,Stanmeyer John,1
1280,Clinton Chelsea,1
1281,Buildings (Structures),1
1282,Lopez Rivera Oscar,1
1283,Oceans and Seas,1
1284,Jews and Judaism,1
1285,General Motors,1
1286,Patent and Trademark Office (US),1
1287,Ives David,1
1288,Arthritis,1
1289,Angina,1
1290,Faith-Based Initiatives,1
1291,Incident at Hidden Temple (Play),1
1292,Cellular Telephones,1
1293,Acrobats and Acrobatics,1
1294,Ichiran Ramen Restaurants,1
1295,Dayton Physicians Network,1
1296,Anemia,1
1297,Accreditation,1
1298,Smells and Odors,1
1299,Beck Glenn,1
1300,Grospierre Nicolas,1
1301,Annals of Allergy Asthma & Immunology (Journal),1
1302,Ford Gerald Rudolph Jr,1
1303,Plaza Hotel (Manhattan NY),1
1304,Bushwick (Brooklyn NY),1
1305,Georgia,1
1306,Lelyveld Joseph,1
1307,Sohier Sage,1
1308,Juba (South Sudan),1
1309,Elections State Legislature,1
1310,Upper East Side (Manhattan NY),1
1311,Soups,1
1312,Dictionaries,1
1313,Reading and Writing Skills (Education),1
1314,Search Engines,1
1315,Esiebo Andrew,1
1316,Confederation Generale du Travail (France),1
1317,The Apprentice (Movie),1
1318,Toyota Motor Corp,1
1319,Brown Tina,1
1320,China National Tourism Administration,1
1321,Aperture Foundation,1
1322,Cloud Computing,1
1323,Counterfeit Money and Financial Instruments,1
1324,Fort Lauderdale (Fla),1
1325,Extortion and Blackmail,1
1326,Jitney (Play),1
1327,Cocktails and Mixed Drinks,1
1328,States (US),1
1329,Zalaznick Jeff,1
1330,Liga MX (Soccer),1
1331,Douglass Frederick,1
1332,West Point (Ky),1
1333,Noodles,1
1334,International Study and Teaching,1
1335,Vegetables,1
1336,Fireplaces,1
1337,National Basketball Assn,1
1338,Rice,1
1339,Prosecutorial Misconduct,1
1340,Depression (Mental),1
1341,Gilles Sabrie,1
1342,Endorsements,1
1343,The Present (Play),1
1344,Hitler Adolf,1
1345,South Dakota,1
1346,Summit (Play),1
1347,Alzheimer's Disease,1
1348,Racial Profiling,1
1349,Rosenthal Andrew,1
1350,Roxburgh Richard (1962- ),1
1351,Sexually Transmitted Diseases,1
1352,Mortgages,1
1353,Sweden,1
1354,La Melancolie des dragons (Play),1
1355,Madeira (Portugal),1
1356,Avedon Richard,1
1357,Anaphylactic Shock,1
1358,Department of Natural Resources (Mich),1
1359,Skull (Body Part),1
1360,Biden Joseph R Jr,1
1361,Lazarus Emma,1
1362,Camden (Me),1
1363,Harrison Zachary (1987- ),1
1364,Bronx Documentary Center,1
1365,Inflation (Economics),1
1366,Telemarketing,1
1367,Prune (Manhattan NY Restaurant),1
1368,Clostridium Difficile (Bacterium),1
1369,Blamey Victoria,1
1370,Tandoh Ruby,1
1371,Tibet,1
1372,Flora Coffee and Bar (Manhattan NY Restaurant),1
1373,Davis Viola,1
1374,Bacani Xyza (1987- ),1
1375,Feet,1
1376,Puppets,1
1377,Vigilantes,1
1378,Lai Jeng-jer,1
1379,Nobel Prizes,1
1380,Vouchers,1
1381,Gifts,1
1382,Centers for Medicare and Medicaid Services,1
1383,Armenia,1
1384,Apatow Judd,1
1385,American Public Health Assn,1
1386,Dudok de Wit Michael,1
1387,Real Housewives (TV Program),1
1388,Shipley William U,1
1389,Rustichella d'Abruzzo,1
1390,Pujol (Mexico City Mexico Restaurant),1
1391,Brown Sherrod,1
1392,Ibsen Henrik,1
1393,Fishing Sport,1
1394,Pessimism,1
1395,Sunscreen,1
1396,Yale University,1
1397,Addario Lynsey,1
1398,Sears Holdings Corporation,1
1399,Queens (NYC),1
1400,Blackpool (Soccer Team),1
1401,Calvani Marco,1
1402,Lloyd Phyllida,1
1403,World Cup 2026 (Soccer),1
1404,South China Sea,1
1405,Mendoza Raul (1947- ),1
1406,National Institute of Allergy and Infectious Diseases,1
1407,Gold (Movie),1
1408,USA Football,1
1409,Deblinger David,1
1410,A Chef's Life (TV Program),1
1411,Deafness,1
1412,European Court of Justice,1
1413,Euthanasia and Assisted Suicide,1
1414,Lombardo Rick,1
1415,Affordable Housing,1
1416,Spangler Matthew,1
1417,Siemens AG,1
1418,National Oceanic and Atmospheric Administration,1
1419,Griffin Merv,1
1420,Allen Grayson (1995- ),1
1421,Real Estate (Commercial),1
1422,CMS Innovation Center (Centers for Medicare and Medicaid Services),1
1423,Howard Bryce Dallas,1
1424,Dugin Alexander (1962- ),1
1425,Thompson John Douglas,1
1426,Infections,1
1427,Foreign Intelligence Surveillance Act (FISA),1
1428,Houston Texans,1
1429,Office of Presidential Correspondence,1
1430,Courts-Martial,1
1431,Chait Jonathan,1
1432,Dogs,1
1433,E-Books and Readers,1
1434,Nassau Veterans Memorial Coliseum,1
1435,Chicago (Ill),1
1436,Corbyn Jeremy (1949- ),1
1437,Fiorina Carleton S,1
1438,Prescott Dak (1993- ),1
1439,Falls,1
1440,Parking,1
1441,Pennsylvania State University,1
1442,Marie Stopes International,1
1443,The Pirates of Penzance (Opera),1
1444,Hosseini Shahab,1
1445,Classic Stage Company,1
1446,Adrenal Gland,1
1447,Currency,1
1448,Son Masayoshi,1
1449,AT&T Inc,1
1450,Our Secrets (Play),1
1451,Checks and Checking Accounts,1
1452,Olvera Enrique,1
1453,Woodside (Queens NY),1
1454,Lighthizer Robert E,1
1455,Missiles and Missile Defense Systems,1
1456,Clams,1
1457,Huddy Juliet,1
1458,Smith Justice (1995- ),1
1459,Science and Technology,1
1460,Xie Yang,1
1461,Deere & Company,1
1462,Fox Sports,1
1463,Ultramarathon Running,1
1464,Palestinian Authority,1
1465,Christie Christopher J,1
1466,Sunset Park (Brooklyn NY),1
1467,Tell Hector I Miss Him (Play),1
1468,Philanthropy,1
1469,Fainting,1
1470,Crowley John,1
1471,Wheat,1
1472,Malaria,1
1473,Chef & the Farmer (Kinston NC Restaurant),1
1474,Labour Party (Great Britain),1
1475,Humanities,1
1476,Chest (Journal),1
1477,Deng Xiaoping,1
1478,Argentina,1
1479,Bork Robert H,1
1480,Veterans Affairs Department,1
1481,Pasta Mancini,1
1482,Carter Jimmy,1
1483,Cryotherapy,1
1484,Logging Industry,1
1485,Colorado,1
1486,Academic Freedom,1
1487,Made in China (Play),1
1488,Detroit (Mich),1
1489,Tennis Channel The,1
1490,Tissue (Human),1
1491,Colds,1
1492,Acquired Immune Deficiency Syndrome,1
1493,Archives and Records,1
1494,Kidneys,1
1495,Navarro Peter,1
1496,Donmar Warehouse Theater,1
1497,Greenwich Village (Manhattan NY),1
1498,Crosby Mason (1984- ),1
1499,Same-Sex Marriage Civil Unions and Domestic Partnerships,1
1500,Wu Xiaohui,1
1501,Abdullah II King of Jordan,1
1502,Jiang Tianyong (1971- ),1
1503,Ears and Hearing,1
1504,Schumer Charles E,1
1505,Obama Michelle,1
1506,Nass Stephen,1
1507,Blanchett Cate,1
1508,Interior Department,1
1509,Roosevelt Franklin Delano,1
1510,The Fever (Play),1
1511,Netanyahu Benjamin,1
1512,McCarthy Garry F,1
1513,Alphabet Inc,1
1514,Hedges Lucas,1
1515,Ports,1
1516,Wallace Keith A,1
1517,Buck Joe,1
1518,Atlanta (Ga),1
1519,Awards Decorations and Honors,1
1520,Infertility,1
1521,JC Penney Company Inc,1
1522,Cyberattacks and Hackers,1
1523,Takata Corp,1
1524,Rainbow Room (Manhattan NY Restaurant),1
1525,Pizza,1
1526,Au Sable River (Mich),1
1527,Cauliflower,1
1528,Statins (Cholesterol-Lowering Drugs),1
1529,Audacity (Book),1
1530,Pastificio Felicetti SRL,1
1531,Girls (Movie),1
1532,StudentsFirst,1
1533,Fletcher William A,1
1534,Guantanamo Bay Naval Base (Cuba),1
1535,Police,1
1536,Corporations,1
1537,The Mary Tyler Moore Show (TV Program),1
1538,Polanco Dascha,1
1539,Google Inc,1
1540,Rubell Jennifer,1
1541,Bald Eagles,1
1542,Intelligence and Intelligence Tests (IQ),1
1543,Mapplethorpe Robert,1
1544,Sprint Nextel Corporation,1
1545,SOFTBANK Corporation,1
1546,Opera,1
1547,Neanderthal Museum,1
1548,Paris (France),1
1549,Helmets,1
1550,Senate Committee on Armed Services,1
1551,Religion-State Relations,1
1552,Senate Committee on Health Education Labor and Pensions,1
1553,Stars and Galaxies,1
1554,Leyva Selenis,1
1555,State of the State Message (NYS),1
1556,Alcohol Abuse,1
1557,Cholesterol,1
1558,Wilson August,1
1559,Torrisi Rich,1
1560,Wilder Billy,1
1561,City College of New York,1
1562,Thompson Gordon T,1
1563,Voting and Voters,1
1564,FOB (Brooklyn NY Restaurant),1
1565,Truman Harry S,1
1566,Broccoli,1
1567,Macy's Inc,1
1568,Family Leaves,1
1569,Suicides and Suicide Attempts,1
1570,Millennial Generation,1
1571,Chua Damon,1
1572,Lyme Disease,1
1573,Sim Chi Yin (Photographer),1
1574,Marijuana,1
1575,McAvoy James,1
1576,Peer Gynt and the Norwegian Hapa Band (Play),1
1577,Flavour: Eat What You Love (Book),1
1578,Shakespeare William,1
1579,Livestock,1
1580,Liberty Tax Inc.,1
1581,Library of Congress,1
1582,Keller Thomas,1
1583,American Society of Clinical Oncology,1
1584,Menstruation,1
1585,Changbai Mountains,1
1586,Letters,1
1587,Credit Cards,1
1588,Moore Mary Tyler,1
1589,Schwab Kaipo,1
1590,Marriages,1
1591,Indian Ocean,1
1592,Major Food Group,1
1593,Black-ish (TV Program),1
1594,McDonagh Martin,1
1595,Moore Stephen (1960- ),1
1596,Schneiderman Eric T,1
