id,keywords,count
0,Trump Donald J,261
1,United States Politics and Government,212
2,New York City,50
3,Crossword Puzzles,45
4,Immigration and Emigration,42
5,Republican Party,41
6,United States International Relations,34
7,Senate,30
8,Refugees and Displaced Persons,30
9,New York Times,30
10,Executive Orders and Memorandums,29
11,Theater,28
12,Russia,27
13,News and News Media,26
14,Labor and Jobs,25
15,Education (K-12),24
16,Movies,24
17,Presidential Election of 2016,23
18,Appointments and Executive Changes,23
19,Restaurants,23
20,United States Economy,22
21,House of Representatives,22
22,Women and Girls,22
23,Patient Protection and Affordable Care Act (2010),22
24,Health Insurance and Managed Care,21
25,Cooking and Cookbooks,21
26,Illegal Immigration,20
27,Television,19
28,China,19
29,Politics and Government,19
30,Blacks,18
31,Demonstrations Protests and Riots,18
32,United States Defense and Military Forces,17
33,Bannon Stephen K,17
34,Democratic Party,16
35,Photography,16
36,Sessions Jefferson B III,15
37,Supreme Court (US),15
38,Colleges and Universities,14
39,Obama Barack,14
40,Travel and Vacations,14
41,Justice Department,13
42,DeVos Elizabeth (1958- ),13
43,Newspapers,13
44,Discrimination,12
45,Flynn Michael T,12
46,Deportation,12
47,Cyberwarfare and Defense,11
48,Law and Legislation,11
49,Social Media,11
50,Basketball,10
51,United States,10
52,Baseball,10
53,Education Department (US),10
54,Israel,10
55,Putin Vladimir V,10
56,Gorsuch Neil M,10
57,Regulation and Deregulation of Industry,10
58,Transgender and Transsexuals,9
59,Race and Ethnicity,9
60,News,9
61,Espionage and Intelligence Services,9
62,Mexico,9
63,Courts and the Judiciary,9
64,Children and Childhood,9
65,Vietnam,8
66,Real Estate and Housing (Residential),8
67,Super Bowl,8
68,Terrorism,8
69,Exercise,8
70,International Trade and World Market,8
71,Parenting,8
72,California,8
73,Abortion,8
74,Speeches and Statements,8
75,Conservatism (US Politics),8
76,Palestinians,7
77,Environmental Protection Agency,7
78,Elderly,7
79,Vietnam War,7
80,France,7
81,Slavery (Historical),7
82,Pregnancy and Childbirth,7
83,Disabilities,7
84,Academy Awards (Oscars),7
85,Women's Rights,7
86,Netanyahu Benjamin,7
87,Subways,7
88,Decisions and Verdicts,7
89,Washington (DC),7
90,Social Conditions and Trends,7
91,Suits and Litigation (Civil),7
92,National Security Council,7
93,Banking and Financial Institutions,7
94,Marriages,7
95,Immigration and Customs Enforcement (US),7
96,Robart James L,7
97,Wines,7
98,Taxation,6
99,Great Britain Withdrawal from EU (Brexit),6
100,Foreign Workers,6
101,Research,6
102,New York Knicks,6
103,Diet and Nutrition,6
104,Books and Literature,6
105,Historic Buildings and Sites,6
106,Canada,6
107,Presidents and Presidency (US),6
108,Drugs (Pharmaceuticals),6
109,Soccer,6
110,Families and Family Life,6
111,Bathrooms and Toilets,6
112,Ethics (Personal),6
113,New England Patriots,6
114,Philosophy,6
115,Fringe Groups and Movements,6
116,Federal Budget (US),6
117,Income Inequality,5
118,Manhattan (NYC),5
119,Underground Railroad (19th Century),5
120,Art,5
121,Ryan Paul D Jr,5
122,Defense Department,5
123,Warren Elizabeth,5
124,Factories and Manufacturing,5
125,Computers and the Internet,5
126,Tax Credits Deductions and Exemptions,5
127,Vouchers,5
128,Human Rights and Human Rights Violations,5
129,Retirement,5
130,McConnell Mitch,5
131,Love (Emotion),5
132,Wages and Salaries,5
133,Greenhouse Gas Emissions,5
134,State Department,5
135,Major League Baseball,5
136,Dodd-Frank Wall Street Reform and Consumer Protection Act (2010),5
137,Dating and Relationships,5
138,Recipes,5
139,Football,5
140,Priebus Reince R,5
141,Freedom of Speech and Expression,4
142,Pruitt Scott,4
143,Charter Schools,4
144,Science and Technology,4
145,Death and Dying,4
146,Medicine and Health,4
147,Dementia,4
148,Jews and Judaism,4
149,Poetry and Poets,4
150,Stocks and Bonds,4
151,Roman Catholic Church,4
152,Brain,4
153,Brady Tom,4
154,The Walking Dead (TV Program),4
155,Police Brutality Misconduct and Shootings,4
156,Classified Information and State Secrets,4
157,Canby William Cameron Jr,4
158,Global Warming,4
159,Prisons and Prisoners,4
160,Space and Astronomy,4
161,Agriculture and Farming,4
162,Francis,4
163,Alzheimer's Disease,4
164,Lying,4
165,de Blasio Bill,4
166,Medicaid,4
167,Anti-Semitism,4
168,Frauds and Swindling,4
169,Israeli Settlements,4
170,Elections,4
171,Trump Melania,4
172,Friedland Michelle Taryn,4
173,Prices (Fares Fees and Rates),4
174,Twitter,4
175,Private and Sectarian Schools,4
176,Heart,4
177,Muslims and Islam,4
178,Xi Jinping,4
179,Yiannopoulos Milo,4
180,Civil Rights and Liberties,4
181,Sleep,4
182,Clinton Hillary Rodham,4
183,Poverty,4
184,North Korea,4
185,Clifton Richard Randall,4
186,Embargoes and Sanctions,4
187,Rumors and Misinformation,4
188,Psychology and Psychologists,4
189,Weight,4
190,Miller Stephen (1985- ),4
191,For-Profit Schools,4
192,Flynn Michael G (1983- ),4
193,Le Pen Marine,3
194,Breast Cancer,3
195,World War II (1939-45),3
196,Homosexuality and Bisexuality,3
197,New York State,3
198,Conservative Political Action Conference,3
199,Writing and Writers,3
200,Price Thomas E (1954- ),3
201,Iran,3
202,Hidden Figures (Movie),3
203,Fashion and Apparel,3
204,Mar-a-Lago (Palm Beach Fla),3
205,Homeless Persons,3
206,Arizona,3
207,Tests (Medical),3
208,Clinical Trials,3
209,Whites,3
210,Pence Mike,3
211,Teenagers and Adolescence,3
212,Floods,3
213,Nuclear Weapons,3
214,Hormones,3
215,Trump Tower (Manhattan NY),3
216,vis-photo,3
217,Freedom of the Press,3
218,Animal Abuse Rights and Welfare,3
219,Music,3
220,Kushner Jared,3
221,States (US),3
222,Europe,3
223,Running,3
224,Federal Bureau of Investigation,3
225,Inflation (Economics),3
226,Bronx (NYC),3
227,Legion (TV Program),3
228,Eyes and Eyesight,3
229,Consumer Protection,3
230,Polls and Public Opinion,3
231,Yemen,3
232,Gun Control,3
233,Dolan James L,3
234,Smoking and Tobacco,3
235,All Star Games,3
236,Deferred Action for Childhood Arrivals,3
237,King Martin Luther Jr,3
238,Bakeries and Baked Products,3
239,Medicare,3
240,Atlanta Falcons,3
241,Drug Abuse and Traffic,3
242,The Good Fight (TV Program),3
243,Tillerson Rex W,3
244,Tests and Examinations,3
245,Voting and Voters,3
246,Anxiety and Stress,3
247,Meditation,3
248,Watergate Affair,3
249,Layoffs and Job Reductions,3
250,Pop and Rock Music,3
251,Chemotherapy,3
252,Murders Attempted Murders and Homicides,3
253,Syria,3
254,Pensions and Retirement Plans,3
255,Australia,3
256,Missiles and Missile Defense Systems,3
257,Marijuana,3
258,Chefs,3
259,Douglass Frederick,3
260,Recession and Depression,3
261,Moonlight (Movie),3
262,Candy,3
263,Oakley Charles,3
264,Uber Technologies Inc,3
265,Mental Health and Disorders,3
266,Infrastructure (Public Works),3
267,Roundabout Theater Co,3
268,Homeland Security Department,3
269,Obesity,3
270,Nixon Richard Milhous,3
271,Golf,3
272,Kim Jong-un,3
273,Japan,3
274,Border Patrol (US),3
275,Acrostic Puzzles,3
276,United Nations,3
277,Federal Taxes (US),3
278,Democratic National Committee,3
279,La La Land (Movie),3
280,Contests and Prizes,3
281,Concussions,3
282,Kislyak Sergei I,3
283,Oil (Petroleum) and Gasoline,3
284,Valentine's Day,3
285,Evangelical Movement,3
286,Interest Rates,3
287,Civil Rights Movement (1954-68),3
288,Uncle Tom's Cabin (Book),2
289,Diabetes,2
290,Milk,2
291,Florida,2
292,Manafort Paul J,2
293,Sandwiches,2
294,Park Slope (Brooklyn NY),2
295,Texas,2
296,Eggs,2
297,Lavrov Sergey V,2
298,Water,2
299,Taxicabs and Taxicab Drivers,2
300,Legal Profession,2
301,Palestinian Authority,2
302,Adoptions,2
303,Pena Nieto Enrique,2
304,McMaster H R,2
305,Awards Decorations and Honors,2
306,Pain-Relieving Drugs,2
307,Estrogen,2
308,Burke Raymond L,2
309,Gluten,2
310,Michigan,2
311,Sulzberger Arthur Hays,2
312,European Union,2
313,Mammography,2
314,West Bank,2
315,New York Mets,2
316,Land Use Policies,2
317,Washington George (1732-99),2
318,Cheese,2
319,International Relations,2
320,Cooperatives,2
321,Carbon Caps and Emissions Trading Programs,2
322,Snow and Snowstorms,2
323,Brooklyn (NYC),2
324,Cameras,2
325,Voter Registration and Requirements,2
326,Stone Emma,2
327,Real Estate (Commercial),2
328,Knowles Beyonce,2
329,Basketball (College),2
330,Friedman Ken,2
331,Libertarianism (US Politics),2
332,Los Angeles (Calif),2
333,Car Services and Livery Cabs,2
334,Anthony Carmelo,2
335,Seafood,2
336,World Press Photo Foundation,2
337,Productivity,2
338,Accidents and Safety,2
339,Academic Freedom,2
340,Mathematics,2
341,Colombia,2
342,Jenkins Barry,2
343,Veterans,2
344,Washington Post,2
345,News Sources Confidential Status of,2
346,Archives and Records,2
347,Bensonhurst (Brooklyn NY),2
348,Fillon Francois,2
349,Unemployment,2
350,Italy,2
351,Customs and Border Protection (US),2
352,Waldorf Astoria New York (Manhattan NY Hotel),2
353,Traffic Accidents and Safety,2
354,Waste Materials and Disposal,2
355,Blindness,2
356,Police,2
357,Climate Leadership Council,2
358,Elections House of Representatives,2
359,Personal Finances,2
360,Documentary Films and Programs,2
361,Second Stage Theater,2
362,Minimum Wage,2
363,Veganism,2
364,Nuclear Tests,2
365,Pain,2
366,Title IX (Gender Discrimination Legislation),2
367,Eleven Madison Park (Manhattan NY Restaurant),2
368,Mines and Mining,2
369,World Baseball Classic,2
370,Firearms,2
371,Germany,2
372,Meatloaf,2
373,Food,2
374,Bicycles and Bicycling,2
375,Rivers,2
376,Liberalism (US Politics),2
377,Gillibrand Kirsten E,2
378,Chelsea (Manhattan NY),2
379,Egypt,2
380,Reading and Writing Skills (Education),2
381,Doctors,2
382,Crimea (Ukraine),2
383,Cancer,2
384,Federal Reserve System,2
385,Breitbart News Network LLC,2
386,Indiana,2
387,Minorities,2
388,North Atlantic Treaty Organization,2
389,Psychiatry and Psychiatrists,2
390,Conflicts of Interest,2
391,Ho Chi Minh,2
392,Sex Crimes,2
393,Hudson Theater (Manhattan NY),2
394,Foreign Aid,2
395,Abe Shinzo,2
396,Vitamins,2
397,Standard & Poor's 500-Stock Index,2
398,Elections Mayors,2
399,Constitution (US),2
400,Eisenberg Jesse,2
401,Renting and Leasing (Real Estate),2
402,Pies,2
403,Social Security (US),2
404,School Shootings and Armed Attacks,2
405,Curiel Gonzalo P,2
406,Shopping and Retail,2
407,Hamilton Alexander,2
408,First Ladies (US),2
409,Washington (State),2
410,Bureau of Alcohol Tobacco and Firearms,2
411,Levees and Dams,2
412,Lu Pin,2
413,Smuggling,2
414,Microbiology,2
415,Islamic State in Iraq and Syria (ISIS),2
416,Financial Planners,2
417,Architecture,2
418,Federal Courts (US),2
419,Protectionism (Trade),2
420,Fences (Movie),2
421,Asylum Right of,2
422,Cuomo Andrew M,2
423,Therapy and Rehabilitation,2
424,National Football League,2
425,Careers and Professions,2
426,Afghanistan War (2001-14),2
427,War Crimes Genocide and Crimes Against Humanity,2
428,Surgery and Surgeons,2
429,White Gold Butchers (Manhattan NY Restaurant),2
430,Coal,2
431,Language and Languages,2
432,Privacy,2
433,Wisconsin,2
434,San Francisco (Calif),2
435,Country Music,2
436,Racketeering and Racketeers,2
437,Stowe Harriet Beecher,2
438,White House Building (Washington DC),2
439,Workplace Environment,2
440,Hair,2
441,Nursing Homes,2
442,Bush George W,2
443,Pets,2
444,Merkel Angela,2
445,Dogs,2
446,Labeling and Labels (Product),2
447,Inaugurations,2
448,Retirement Communities and Assisted Living,2
449,Johnson Lyndon Baines,2
450,Border Barriers,2
451,Robots and Robotics,2
452,Sondheim Stephen,2
453,Dairy Products,2
454,Customs Etiquette and Manners,2
455,Roberts John G Jr,2
456,Beer,2
457,Bloomfield April,2
458,English Language,2
459,Chinatown (Manhattan NY),2
460,Close Glenn,2
461,Chocolate,2
462,WhatsApp Inc,2
463,Recycling of Waste Materials,2
464,Spencer Richard B (1978- ),2
465,Home Box Office,2
466,McCain John,2
467,Grammy Awards,2
468,Delays (Transportation),2
469,Age Chronological,2
470,Trinidad and Tobago,2
471,Alternative and Renewable Energy,2
472,Innovation,2
473,Part-Time Employment,2
474,Upper West Side (Manhattan NY),2
475,Japanese-Americans,2
476,University of California Merced,2
477,Auriemma Geno,2
478,Lange Dorothea,2
479,University of Connecticut,2
480,Conway Kellyanne,2
481,Back (Human Body Part),2
482,Greenpoint (Brooklyn NY),2
483,Actors and Actresses,2
484,Othello (Play),1
485,Flynn Brandon,1
486,Orwell George,1
487,Spencer Octavia,1
488,Ho Chi Minh City (Vietnam),1
489,George Madeleine,1
490,Museum of the City of New York,1
491,Greenwich (Conn),1
492,Shawn Wallace,1
493,Cerebral Palsy,1
494,Philadelphia Phillies,1
495,Butterfield Asa,1
496,Rogaine (Drug),1
497,Late Show with Stephen Colbert (TV Program),1
498,Atlantic Ocean,1
499,Higgins Chester Jr,1
500,Volunteers and Community Service,1
501,The Girl With All the Gifts (Movie),1
502,Swimming,1
503,Hirschfeld Al Theater,1
504,Memory,1
505,Voting Rights Act (1965),1
506,Artemenko Andrii V,1
507,Zimmerman Martin (Playwright),1
508,Olympic Games,1
509,Wakey Wakey (Play),1
510,Peabody Energy Corporation,1
511,Chinle High School (Chinle Ariz),1
512,Ailes Roger E,1
513,Stroke,1
514,Back to the Roots Inc,1
515,National Geographic,1
516,Abou Zeid Mahmoud (1987- ),1
517,Robinson Craig (1971- ),1
518,Wooster Group,1
519,Albany (NY),1
520,Brazil,1
521,Squash (Vegetable),1
522,Sales and Excise Taxes,1
523,Pai Ajit,1
524,Library of Congress,1
525,Steinhauer Jennifer,1
526,Airstrike Bird Control LLC,1
527,Oklahoma City Thunder,1
528,Watson Emma,1
529,Mount Vernon (Va) (Home of George Washington),1
530,Herpes Viruses,1
531,Communist Party of China,1
532,Elliott Scott,1
533,Montana,1
534,Consumer Financial Protection Bureau,1
535,Widows and Widowers,1
536,Williams Jesse (1981- ),1
537,McFarland Kathleen Troia,1
538,Special Education,1
539,Breastfeeding,1
540,Murdoch Rupert,1
541,New Iberia (La),1
542,Convenience Stores,1
543,Alabama,1
544,Christians and Christianity,1
545,He Fan (Judge),1
546,Neumann David,1
547,Conte Antonio,1
548,Censorship,1
549,Adele (Singer),1
550,Italian-Americans,1
551,Kentucky,1
552,Hawaii,1
553,Food Marketing Institute,1
554,Bariatric Surgery,1
555,Genetics and Heredity,1
556,National Fire Protection Assn,1
557,Weiming Education Group,1
558,Nineteen Hundred Sixties,1
559,Kalika Tomas,1
560,Governors (US),1
561,Labor Department (US),1
562,Steinbeck John,1
563,Mulvaney Mick,1
564,Cyberharassment,1
565,Sexual Harassment,1
566,National Guard,1
567,Carrere Emmanuel,1
568,Major League Baseball Players Assn,1
569,Podcasts,1
570,Majmudar Amit,1
571,Birthdays,1
572,Baldwin James (1924-87),1
573,Bayou Teche Brewing,1
574,Cyberspace Administration of China,1
575,Other Half Brewing Co,1
576,Africa,1
577,Evening at the Talk House (Play),1
578,Boerum Hill (Brooklyn NY),1
579,Machar Riek,1
580,Jasper Hill Farm (Greensboro Vt),1
581,Freedman Wendy L,1
582,Folsgaard Mikkel Boe,1
583,Wilderness Areas,1
584,Sunset Park (Brooklyn NY),1
585,The War of the Roses (Movie),1
586,Pidgeon Rebecca,1
587,Burgum Douglas,1
588,Primary Stages Co,1
589,Glick Gideon,1
590,Levenson Steven,1
591,American Sniper (Movie),1
592,College Board,1
593,Torture,1
594,Funerals and Memorials,1
595,Triaud Amaury HMJ,1
596,Sweden,1
597,Madison Square Garden Inc,1
598,Ferris Madison,1
599,Culture (Arts),1
600,King Coretta Scott,1
601,Compost,1
602,Seattle (Wash),1
603,Diarrhea,1
604,Issa Darrell E,1
605,Firth Colin,1
606,Manchester by the Sea (Movie),1
607,Baldwin Alec,1
608,Wilkinson Raven (1935- ),1
609,Hayes Helen Theater,1
610,Slogans and Mottoes,1
611,Moon,1
612,Middle East,1
613,Globe and Mail,1
614,Isango Ensemble,1
615,Happiness,1
616,Chinle (Ariz),1
617,Colbert Stephen,1
618,Dewitt Clinton High School,1
619,Medical Devices,1
620,Vegetarianism,1
621,Americorps,1
622,American Organic Energy,1
623,Spivak Gayatri Chakravorty,1
624,Roosevelt Franklin Delano,1
625,Olympic Games (2024),1
626,National Endowment for the Arts,1
627,Gastroesophageal Reflux (Acid Reflux),1
628,Metropolitan Museum of Art,1
629,Gyllenhaal Jake,1
630,Durant Kevin,1
631,Concrete,1
632,Shubert Organization,1
633,Gillon Michael,1
634,Sunday in the Park with George (Play),1
635,Sonoma County (Calif),1
636,Walsh Kate (1967- ),1
637,Glaucoma,1
638,Beardo (Play),1
639,Transplants,1
640,WikiLeaks,1
641,Pennsylvania,1
642,Design,1
643,Arterton Gemma,1
644,Beauty (Concept),1
645,Sex Education,1
646,Gums (Mouth),1
647,Mercury (Metal),1
648,Nadal Toni,1
649,Minnesota,1
650,Alcoa Inc,1
651,Pierce Greg,1
652,Commuting,1
653,University of California,1
654,Antibiotics,1
655,White E B,1
656,Classical Music,1
657,New York Theater Workshop,1
658,Cold War Era,1
659,Wilder Thornton,1
660,Hotels and Travel Lodgings,1
661,Poroshenko Petro Olekseyevich,1
662,Olympic Games (2018),1
663,Theater for a New Audience,1
664,Harvard University,1
665,Fallows James,1
666,Water Pollution,1
667,Fallows Deborah,1
668,Park Slope Food Co-Op,1
669,De Niro Robert,1
670,Bureau of Labor Statistics,1
671,Louis-Dreyfus Julia,1
672,LaBeouf Shia,1
673,Condon Bill,1
674,Washington Heights (Manhattan NY),1
675,Cheating,1
676,Pyeongchang (South Korea),1
677,Rundell Katherine,1
678,Tirado Candido,1
679,Provence (France),1
680,Vermont,1
681,McCarthy Colm (1973- ),1
682,Curry Stephen,1
683,Western States (US),1
684,Evans Lee Sunday,1
685,Neugebauer Lila,1
686,Stutzman Barronelle (1944- ),1
687,Garcia Marcos Javier,1
688,The Society of the Spectacle (Book),1
689,International Labor Organization,1
690,Table 19 (Movie),1
691,SpongeBob SquarePants (Cartoon Character),1
692,Adams Abigail,1
693,Trades (Sports),1
694,Empire Stores (Brooklyn NY),1
695,Staten Island (NYC),1
696,Trillin Calvin,1
697,Mamet David,1
698,Endless Love (Movie),1
699,Jordan,1
700,Verbinski Gore,1
701,Deodorants,1
702,New York Stock Exchange,1
703,Pike Rosamund,1
704,Kirke Jemima,1
705,Meadow Lynne,1
706,Paralysis,1
707,E! Entertainment Television,1
708,Organ Donation,1
709,Pearl Harbor (Hawaii),1
710,Special Prosecutors (Independent Counsel),1
711,Damon Matt,1
712,Nadal Rafael,1
713,Broccoli,1
714,Narcissism,1
715,Chronic Obstructive Pulmonary Disease,1
716,Sahib (Manhattan NY Restaurant),1
717,Longevity,1
718,Great Bear Lake (Northwest Territories Canada),1
719,Evacuations and Evacuees,1
720,Smothers Dick,1
721,Fade (Play),1
722,Kasich John R,1
723,Apollo Theater,1
724,Falco Edie,1
725,Keynes John Maynard,1
726,London Cathleen,1
727,Turnbull Malcolm (1954- ),1
728,Anaphylactic Shock,1
729,Sand and Gravel,1
730,Producers Guild of America,1
731,Williams Allison (1988- ),1
732,Religion and Belief,1
733,Officiating (Sports),1
734,Miami (Fla),1
735,Katyal Neal K,1
736,Corizon Health Inc,1
737,Devon Energy Corporation,1
738,I Am Not Your Negro (Movie),1
739,Financial District (Manhattan NY),1
740,Hong Kong,1
741,Cocktails and Mixed Drinks,1
742,Carnival (Pre-Lenten),1
743,Reagan Ronald Wilson,1
744,Harper Stephen J,1
745,ABC Kitchen (Manhattan NY Restaurant),1
746,El Celler de Can Roca (Girona Spain Restaurant),1
747,Nature (Journal),1
748,Reeves Keanu,1
749,Sanitation Department (NYC),1
750,Grassley Charles E,1
751,Automobiles,1
752,Mentors,1
753,A Man of Good Hope (Play),1
754,Bullies,1
755,Wiretapping and Other Eavesdropping Devices and Methods,1
756,Iraq War (2003-11),1
757,Hamas,1
758,Cohn Gary D,1
759,Filibusters and Debate Curbs,1
760,The Smothers Brothers Comedy Hour (TV Program),1
761,Kips Bay (Manhattan NY),1
762,Yoga,1
763,Centers for Disease Control and Prevention,1
764,Alternative and Complementary Medicine,1
765,Testosterone,1
766,Little Egypt (Queens NY Restaurant),1
767,CBS Corporation,1
768,LCT3,1
769,American Civil Liberties Union,1
770,Hebron (West Bank),1
771,Sater Felix H,1
772,Comey James B,1
773,Corrections Department (Ind),1
774,Mirzoeff Nicholas,1
775,Maxwell Richard (1967- ),1
776,Sando Steve,1
777,Kaepernick Colin,1
778,Men and Boys,1
779,Individual Retirement Accounts,1
780,Cabbage,1
781,Multiple Sclerosis,1
782,Cataracts,1
783,Late Night with Seth Meyers (TV Program),1
784,Dek Sen (Queens NY Restaurant),1
785,Trump Ivanka,1
786,Crown Heights (Brooklyn NY),1
787,Center for American Progress,1
788,Franko Jost,1
789,Yoox Net-a-Porter Group SpA,1
790,Democracy (Theory and Philosophy),1
791,Longstreth David,1
792,American Revolutions: A Continental History 1750-1804 (Book),1
793,Arthur Chester Alan,1
794,Frank Robert,1
795,Graham Ramarley,1
796,Spiliotopoulos Evan,1
797,Taylor Alan Shaw (1955- ),1
798,Homo Deus: A Brief History of Tomorrow (Book),1
799,United Nations Framework Convention on Climate Change,1
800,Tax Preparers and Preparation,1
801,Comedy and Humor,1
802,Missing Persons,1
803,Ohio,1
804,Oldman Gary,1
805,Syndergaard Noah,1
806,Heilmann Sebastian,1
807,McMullin Evan,1
808,Garcetti Eric M,1
809,Westbrook Russell,1
810,Colicchio Tom,1
811,Winslow Donald R,1
812,Ganges River,1
813,Augustine (Manhattan NY Restaurant),1
814,Humm Daniel,1
815,Schwarzman Stephen A,1
816,Coachella Valley Music and Arts Festival,1
817,Lewiston (Me),1
818,Meyers Seth,1
819,Immigration Detention,1
820,Wearable Computing,1
821,Instant Replay (Sports),1
822,Clostridium Difficile (Bacterium),1
823,Glaeser Edward L,1
824,Parr Adrian (1967- ),1
825,Cotton Tom,1
826,Lewis C S,1
827,Long Island (NY),1
828,Signature Center,1
829,The Skin of Our Teeth (Play),1
830,Catskills (NYS Area),1
831,Syrian Sweet Refuge,1
832,Barcelona (Spain),1
833,Arendt Hannah,1
834,Supermarkets and Grocery Stores,1
835,Elshamy Mohammed (1994- ),1
836,Gross Domestic Product,1
837,Sugar,1
838,Madison Square Garden,1
839,Bucknell University,1
840,Cure Violence,1
841,University of Nevada Las Vegas,1
842,Peele Jordan,1
843,Man From Nebraska (Play),1
844,Dallas (Tex),1
845,Sanford Mark,1
846,Korean Food (Cuisine),1
847,Rose George (1920-88),1
848,Benton Denee (1992- ),1
849,Get Out (Movie),1
850,Lady Gaga,1
851,Abrams Elliott,1
852,University of California Berkeley,1
853,Two River Theater Co,1
854,Zhang Yimou,1
855,Federal Communications Commission,1
856,Syracuse (NY),1
857,Evers Medgar,1
858,Jerusalem (Israel),1
859,Mice,1
860,Dormitories,1
861,Keen Dafne (2005- ),1
862,Buchanan James,1
863,Gilliard Lawrence Jr,1
864,Brooklyn Academy of Music,1
865,Berea College,1
866,RightOnCrime.com,1
867,South Sudan,1
868,McGraw Tug,1
869,Communism (Theory and Philosophy),1
870,CNN,1
871,National Federation of the Blind,1
872,Dietary Supplements and Herbal Remedies,1
873,Seurat Georges,1
874,South Korea,1
875,Blood Donation,1
876,Southern Christian Leadership Conference,1
877,Relocation of Business,1
878,Enigma (Barcelona Spain Restaurant),1
879,Beggars,1
880,Gaza Strip,1
881,Archaeology and Anthropology,1
882,Ireland Marin,1
883,Segregation and Desegregation,1
884,Wyeth Andrew,1
885,Prince (1958- ),1
886,Kupchak Mitch,1
887,Kiir Mayardit Salva,1
888,National Rifle Assn,1
889,Muslim Americans,1
890,Blogs and Blogging (Internet),1
891,Grapes,1
892,Broderick Matthew,1
893,Crenn Dominique,1
894,Fourth Street Theater,1
895,Rio de Janeiro (Brazil),1
896,CNET,1
897,Doughnuts,1
898,The Tonight Show (TV Program),1
899,National Hockey League,1
900,Far East South and Southeast Asia and Pacific Areas,1
901,Encores! Great American Musicals in Concert (Series),1
902,Refrigerators,1
903,Red Bank (NJ),1
904,Asahi Shimbun,1
905,Stanford University,1
906,Endive (Vegetable),1
907,Cupcakes,1
908,Belafonte Harry,1
909,Ridgewood (Queens NY),1
910,Salmonella (Bacteria),1
911,Netherlands,1
912,Stewart Patrick,1
913,Grand Central Terminal (Manhattan NY),1
914,Heritage Action for America,1
915,Freedom of Religion,1
916,Oroville (Calif),1
917,Jackman Hugh,1
918,Edelman Ezra (1974- ),1
919,Oyelowo David,1
920,Jacobs-Jenkins Branden,1
921,Doping (Sports),1
922,The Gaza Kitchen: A Palestinian Culinary Journey (Book),1
923,Surveillance of Citizens by Government,1
924,Dirt Candy (Manhattan NY Restaurant),1
925,Weibo Corporation,1
926,South Park Slope (Brooklyn NY),1
927,Weather,1
928,Americans for Tax Reform,1
929,American College of Physicians,1
930,Deaths (Fatalities),1
931,Mott C S Children's Hospital (Ann Arbor Mich),1
932,Michael George,1
933,Bergdahl Bowe R,1
934,Emphysema,1
935,Wardeh Nawal,1
936,Conservation of Resources,1
937,Police Department (NYC),1
938,The Comedian (Movie),1
939,Fowler Susan J,1
940,Virginia,1
941,Monongahela River,1
942,Tooting Arts Club,1
943,Smith Texas June,1
944,Buss James H (1959- ),1
945,Haddad Laila El-,1
946,Sudan,1
947,Maplewood (NJ),1
948,Gumbo Bros (Brooklyn NY Restaurant),1
949,Civilian Casualties,1
950,England,1
951,Garfield James A,1
952,Sacramento (Calif),1
953,Wrists,1
954,Brave New World (Book),1
955,State Legislatures,1
956,March for Life,1
957,Koslow Jessica,1
958,Arnaudville (La),1
959,Golden Globes (Awards),1
960,Pizza,1
961,Big River: The Adventures of Huckleberry Finn (Play),1
962,Haste Richard,1
963,National Front (France),1
964,Sex,1
965,Kelly John F (1950- ),1
966,Ukraine,1
967,Noah Trevor (1984- ),1
968,Rue La Rue Cafe (Manhattan NY Restaurant),1
969,Macular Degeneration,1
970,Vertigo,1
971,Plenty (Book),1
972,Musk Elon,1
973,Fines (Penalties),1
974,Fifty Shades Darker (Movie),1
975,Cassidy Bill (1957- ),1
976,Shopping Centers and Malls,1
977,Burke Marylouise,1
978,Chinese-Americans,1
979,Yamhill (Ore),1
980,Abramson Jill,1
981,Organized Labor,1
982,Cleveland Indians,1
983,Ambassador Theater Group,1
984,Leicester City (Soccer Team),1
985,State of the Union Message (US),1
986,Sensenbrenner F James Jr,1
987,Cereals,1
988,Malloy Dave,1
989,Signature Theater Co,1
990,Lives Bound Together: Slavery at George Washington's Mount Vernon (Exhibit),1
991,Spine (Body Part),1
992,Austen Jane,1
993,Gutierrez F Javier (1973- ),1
994,Dark Matter (Astronomy),1
995,van Meegeren Han,1
996,Amarillo (Tex),1
997,Harari Yuval Noah,1
998,Laboratories and Scientific Equipment,1
999,Bhutan,1
1000,The Great Wall (Movie),1
1001,Faber Harold,1
1002,DeHaan Dane,1
1003,Sentences (Criminal),1
1004,Stranger Things (Movie),1
1005,Olympic Games (2016),1
1006,Perez Thomas E,1
1007,Hassan Margaret,1
1008,Tatars (Ethnic Group),1
1009,Presidential Election of 2020,1
1010,Los Angeles Times,1
1011,1984 (Book),1
1012,Foreign Students (in US),1
1013,Respiratory System,1
1014,Northwest Territories (Canada),1
1015,Stamford (Conn),1
1016,Silverman Leigh,1
1017,Abu Ghraib (Iraq),1
1018,Kabul (Afghanistan),1
1019,Mamet Zosia,1
1020,Loving (Movie),1
1021,No Child Left Behind Act,1
1022,Beauty and the Beast (Movie),1
1023,Advertising and Marketing,1
1024,Vongerichten Jean-Georges,1
1025,Assassinations and Attempted Assassinations,1
1026,New Yorker,1
1027,Hospitals,1
1028,Major League Soccer,1
1029,Pepe Neil,1
1030,Instant Messaging,1
1031,Factory Farming,1
1032,Youth,1
1033,Massenet Natalie,1
1034,Harmon Joshua,1
1035,Draft and Recruitment (Military),1
1036,Names Personal,1
1037,Jewish Community Center Assn of North America,1
1038,Buffett Warren E,1
1039,Video Recordings Downloads and Streaming,1
1040,Trans-Pacific Partnership,1
1041,Kendrick Anna,1
1042,Internal Revenue Service,1
1043,India,1
1044,The Lego Batman Movie (Movie),1
1045,Puig Imma,1
1046,Life According to Saki (Play),1
1047,Coffee,1
1048,St John's Lutheran Church,1
1049,Toyota Motor Corp,1
1050,Fires and Firefighters,1
1051,Evansville (Ind),1
1052,Demolition,1
1053,Baldness,1
1054,Lamb,1
1055,Cincinnati (Ohio),1
1056,Spicer Sean M (1971- ),1
1057,Riess Adam Guy,1
1058,Net Neutrality,1
1059,Nonprofit Organizations,1
1060,Linda (Play),1
1061,Supreme People's Court (China),1
1062,Same-Sex Marriage Civil Unions and Domestic Partnerships,1
1063,Monkish Brewing Co,1
1064,Dornford-May Mark,1
1065,Ears and Hearing,1
1066,Dunn Tim,1
1067,Tumblr,1
1068,Celebrities,1
1069,Family Business,1
1070,Kander John,1
1071,Blackmun Scott,1
1072,Good Samaritans (Play),1
1073,Thai Food (Cuisine),1
1074,Pork,1
1075,Menopause,1
1076,Education Department (NYC),1
1077,Fraunces Tavern,1
1078,Caribbean Area,1
1079,Hazardous and Toxic Substances,1
1080,McKay Chris,1
1081,Ragan John,1
1082,Indonesia,1
1083,West Elm,1
1084,Museums,1
1085,Endangered and Extinct Species,1
1086,Veterans Administration,1
1087,Bernstein Richard J (1932- ),1
1088,Descartes Rene,1
1089,Sykes Diane Schwerm,1
1090,Mandatory Sentencing,1
1091,Nanua Sennia,1
1092,Museum of the Moving Image,1
1093,Cortisol (Hormone),1
1094,Never Caught: The Washingtons' Relentless Pursuit of Their Runaway Slave Ona Judge (Book),1
1095,Arthur Bea,1
1096,Turner Bryna,1
1097,Gosling Ryan,1
1098,Los Angeles Clippers,1
1099,Debord Guy,1
1100,Detroit (Mich),1
1101,Blitz Jeffrey (1969- ),1
1102,Wordless Music Orchestra,1
1103,Robertson Britt (1990- ),1
1104,Records and Achievements,1
1105,Drought,1
1106,Colds,1
1107,Donkeys,1
1108,Kutcher Ashton,1
1109,LaVine Zach,1
1110,Blair Tony,1
1111,Fungi,1
1112,Military Bases and Installations,1
1113,Banks Steven,1
1114,Bechdel Alison,1
1115,Interior Department,1
1116,Hernandez Guereca Sergio Adrian (1995-2010),1
1117,Birth Defects,1
1118,Dirty Projectors (Music Group),1
1119,Intelligence and Intelligence Tests (IQ),1
1120,Kudrow Lisa,1
1121,Cloepfil Brad,1
1122,Ohio River,1
1123,Lloyd Webber Andrew,1
1124,Arnett Will,1
1125,Gyourko Joseph,1
1126,Saltillo (Mexico),1
1127,Veterans Affairs Department,1
1128,Sunset Boulevard (Play),1
1129,WMCA-AM,1
1130,Woodside (Queens NY),1
1131,Bettman Gary,1
1132,Inventions and Patents,1
1133,Land of Mine (Movie),1
1134,West Frankfort (Ill),1
1135,Area Planning and Renewal,1
1136,Roosevelt Eleanor,1
1137,deBessonet Lear,1
1138,Radio,1
1139,Graffiti,1
1140,Pinot Noir (Wine),1
1141,Sheep,1
1142,Mississippi,1
1143,Blackburn Marsha,1
1144,Alliance for Quality Education,1
1145,Asante Amma,1
1146,Rivlin Reuven,1
1147,Needham Michael A,1
1148,Tepperman Jonathan D,1
1149,Wheeler Hugh,1
1150,Miranda Lin-Manuel,1
1151,Epinephrine (Drug),1
1152,Bruni Frank,1
1153,Las Vegas (Nev),1
1154,International Federation of Association Football (FIFA),1
1155,Finances,1
1156,Lage Jordan,1
1157,Macdonald James (Theater Director),1
1158,Yamuna River (India),1
1159,Significant Other (Play),1
1160,Cauliflower,1
1161,Johnson Dakota,1
1162,Fruit,1
1163,Prunes,1
1164,Heyman Ellie,1
1165,Bay Ridge (Brooklyn NY),1
1166,Geology,1
1167,Rivere Jean-Pierre,1
1168,Alcohol Abuse,1
1169,Sauces,1
1170,Wilson August,1
1171,Albi (France),1
1172,Independent Budget Office,1
1173,Wenger Arsene,1
1174,Monterey (Calif),1
1175,Euro (Currency),1
1176,Adria Albert,1
1177,Buses,1
1178,Bernstein Nina,1
1179,Planets,1
1180,Feinberg Stephen A,1
1181,Yellen Janet L,1
1182,Kenya,1
1183,Kissinger Henry A,1
1184,Statistics,1
1185,Christie Christopher J,1
1186,Secomb Jeremy,1
1187,Mnuchin Steven T,1
1188,East Hampton (NY),1
1189,Saracho Tanya,1
1190,Solicitors General,1
1191,Cullman Trip,1
1192,Noise,1
1193,Ford Gerald Rudolph Jr,1
1194,Private Spaceflight,1
1195,Privatization,1
1196,Condiments,1
1197,Haythe Justin,1
1198,Hurricane Sandy (2012),1
1199,Vineyard Theater,1
1200,Hernandez Pedro (1961- ),1
1201,Chronic Traumatic Encephalopathy,1
1202,Dornan Jamie,1
1203,Suicides and Suicide Attempts,1
1204,Coolidge Calvin,1
1205,Roads and Traffic,1
1206,McCorvey Norma,1
1207,Douthat Ross G,1
1208,Elmhurst (Queens NY),1
1209,Rivers Doc,1
1210,Pipelines,1
1211,Judge Oney (1773-1848),1
1212,401(k) 403(b) and 457 Plans,1
1213,Booth Theater,1
1214,Soft Drinks,1
1215,Economics (Theory and Philosophy),1
1216,Rescues,1
1217,Nails (Body Part),1
1218,Matalin Mary,1
1219,O'Neal Erica,1
1220,Peck Raoul,1
1221,Trump Eric F (1984- ),1
1222,Istvan Zoltan,1
1223,Wall Street Journal,1
1224,The Object Lesson (Play),1
1225,Arsenic,1
1226,Bennett Naftali,1
1227,Native Agency,1
1228,Atlantic Theater Co,1
1229,Arbus Arin,1
1230,Lincoln Abraham,1
1231,Jackson Andrew,1
1232,Hacksaw Ridge (Movie),1
1233,World Cup (Soccer),1
1234,Fallon Jimmy,1
1235,Ali Mahershala (1974- ),1
1236,Mobile Applications,1
1237,Midwives and Doulas,1
1238,Lazar Jessica,1
1239,Kim Jong-nam,1
1240,California State University,1
1241,Women's National Basketball Assn,1
1242,Ochs Adolph S,1
1243,Tomlin Lily,1
1244,Hefner Hugh,1
1245,On the Exhale (Play),1
1246,Patz Etan,1
1247,John Wick: Chapter 2 (Movie),1
1248,Education (Pre-School),1
1249,SoHo (Manhattan NY),1
1250,National Mall (Washington DC),1
1251,Lunch and Breakfast Programs,1
1252,Hadi Abdu Rabbu Mansour,1
1253,Probiotics,1
1254,McCarthy Siobhan (1957- ),1
1255,Ross Dennis A,1
1256,Babies and Infants,1
1257,Eberstadt Nicholas,1
1258,Tennis,1
1259,Fox News Channel,1
1260,Crime and Criminals,1
1261,Fish and Wildlife Service,1
1262,Barasch Nicholas,1
1263,Pyongyang (North Korea),1
1264,Goodell Roger,1
1265,Arrival (Movie),1
1266,Targeted Killings,1
1267,Ziyatdinova Emine,1
1268,Manhattan Theater Club,1
1269,Smothers Tom,1
1270,Chinese Food (Cuisine),1
1271,NYC & Co,1
1272,Space Exploration Technologies Corp,1
1273,Girls (TV Program),1
1274,Weinraub Bernard,1
1275,Bush Laura,1
1276,Mathur Hemant,1
1277,Torre Joe,1
1278,North Dakota,1
1279,Kalanick Travis,1
1280,Academy of Motion Picture Arts and Sciences,1
1281,Addiction (Psychology),1
1282,Williams Tennessee,1
1283,Affirmative Action,1
1284,Free Agents (Sports),1
1285,A Meatloaf in Every Oven (Book),1
1286,Billions (TV Program),1
1287,The Space Between Us (Movie),1
1288,Asthma,1
1289,Oranges,1
1290,Puzzles,1
1291,Feiglin Moshe Zalman,1
1292,Moller Roland (1972- ),1
1293,Galicia (Spain),1
1294,Schumer Charles E,1
1295,Tyson Neil DeGrasse,1
1296,Coaches and Managers,1
1297,Elder Care,1
1298,Venezuela,1
1299,Ashford Annaleigh,1
1300,Legislatures and Parliaments,1
1301,Communist Party of Vietnam,1
1302,New Hampshire,1
1303,Jerusalem (Book),1
1304,Reagan Nancy,1
1305,Nerves and Nervous System,1
1306,Minecraft (Video Game),1
1307,Kidnapping and Hostages,1
1308,Fitbit,1
1309,Arch Coal Inc,1
1310,Gold Sam (1978- ),1
1311,Suzhou (China),1
1312,Mangold James,1
1313,Immune System,1
1314,D'Antonio Michael,1
1315,Chozick Amy,1
1316,Fever,1
1317,National Aeronautics and Space Administration,1
1318,Selma (Movie),1
1319,US Dollar (Currency),1
1320,Colon and Colorectal Cancer,1
1321,Bridges and Tunnels,1
1322,Hensarling Jeb,1
1323,USSR (Former Soviet Union),1
1324,Sun Belt States (US),1
1325,Schmitt Maggie,1
1326,Skinner Penelope,1
1327,National Underground Railroad Freedom Center,1
1328,Mardi Gras,1
1329,Arsenal (Soccer Team),1
1330,Williamsburg (Brooklyn NY),1
1331,Premature Babies,1
1332,Consumer Reviews,1
1333,Stahelski Chad,1
1334,Sutherland John (1938- ),1
1335,Cromer David,1
1336,Pasta,1
1337,Emancipation Proclamation (1863),1
1338,Restoration and Renovation,1
1339,Emanuel Rahm,1
1340,English Premier League,1
1341,Pride and Prejudice (Book),1
1342,Whitehead Colson,1
1343,Italienne (Manhattan NY Restaurant),1
1344,Belichick Bill,1
1345,Homeless Services Department (NYC),1
1346,Sweeney Todd: The Demon Barber of Fleet Street (Play),1
1347,Hebrew Home at Riverdale,1
1348,BuzzFeed Inc,1
1349,Apple Inc,1
1350,Energy Transfer Partners LP,1
1351,White Victor III,1
1352,Russian Revolution (1917),1
1353,Sullivan Daniel J,1
1354,Dixon Ed (1948- ),1
1355,Schoenfeld Gerald Theater,1
1356,Mylan Inc,1
1357,Hollande Francois,1
1358,International Olympic Committee,1
1359,New Jersey,1
1360,Glisson Nicholas (1960-2010),1
1361,Richmond (Calif),1
1362,Ratajkowski Emily,1
1363,Golden State Warriors,1
1364,Eno Will,1
1365,El Paso (Tex),1
1366,HK Urbex,1
1367,Attorneys General,1
1368,Cafe Lily (Brooklyn NY Restaurant),1
1369,Lennon John,1
1370,Elections Courts and the Judiciary,1
1371,Price Lonny,1
1372,Acosta R Alexander,1
1373,Pittsburgh (Pa),1
1374,Reed Thomas W II,1
1375,Native Americans,1
1376,Flentje August E,1
1377,Snap Inc,1
1378,Bread,1
1379,Buttigieg Pete (1982- ),1
1380,Stevens Dan (1982- ),1
1381,Nuts,1
1382,Carbon Capture and Sequestration,1
1383,Macron Emmanuel (1977- ),1
1384,Animals,1
1385,Work-Life Balance,1
1386,Scatliffe Kyle,1
1387,Teachers College of Columbia University,1
1388,Rome (Italy),1
1389,Streep Meryl,1
1390,Young Vic Theater Company,1
1391,Oliveros Pauline,1
1392,Chelsea (Soccer Team),1
1393,Kennedy John Fitzgerald,1
1394,Jackson Phil (1945- ),1
1395,Larynx,1
1396,Unemployment Insurance,1
1397,Desserts,1
1398,Euthanasia and Assisted Suicide,1
1399,Deafness,1
1400,Athletics and Sports,1
1401,Presidents' Day,1
1402,Monkeys and Apes,1
1403,Dark Energy (Astronomy),1
1404,Environment,1
1405,Visas,1
1406,Balotelli Mario,1
1407,El Mozote (El Salvador),1
1408,Acupuncture,1
1409,Palm Beach (Fla),1
1410,Mantello Joe,1
1411,Harward Robert S,1
1412,AMC (TV Network),1
1413,Salinas (Calif),1
1414,Flatiron District (Manhattan NY),1
1415,Lobbying and Lobbyists,1
1416,Steinberg Jonny,1
1417,Madden Jerry Agnew,1
1418,Escaped Alone (Play),1
1419,Scott Timothy Eugene,1
1420,Customer Relations,1
1421,Cytomegalovirus,1
1422,Natural Gas,1
1423,West Kanye,1
1424,Tea Party Movement,1
1425,Shutdowns (Institutional),1
1426,Huxley Aldous,1
1427,Falls,1
1428,Carpal Tunnel Syndrome,1
1429,Initial Public Offerings,1
1430,Billiards,1
1431,Bauman Zygmunt,1
1432,Reparations,1
1433,Kashmir and Jammu (India),1
1434,Markey Edward J,1
1435,Tree House Brewing Co,1
1436,Florists,1
1437,Ethics and Official Misconduct,1
1438,Appalachian Region,1
1439,Hell or High Water (Movie),1
1440,Union Square Hospitality Group,1
1441,Hernandez Pacheco Juan Carlos (1978- ),1
1442,Desertion (Military),1
1443,Parks Rosa,1
1444,Lapine Sarna,1
1445,Second Avenue (Manhattan NY),1
1446,Queens (NYC),1
1447,Customs (Tariff),1
1448,McNally Keith,1
1449,Facebook Inc,1
1450,United States Agency for International Development,1
1451,Werk Enterprises Inc,1
1452,Los Angeles Lakers,1
1453,OGC Nice (Soccer Team),1
1454,Craig Jason (1972- ),1
1455,Gordon Aaron (1995- ),1
1456,Migrant Labor (Agriculture),1
1457,Feminist Voices,1
1458,Theaters (Buildings),1
1459,McClanahan Rue,1
1460,Third-Party Politics (US),1
1461,Washington Denzel,1
1462,Courts-Martial,1
1463,Private Equity,1
1464,Muggings,1
1465,Citizens United v Federal Election Commission (Supreme Court Decision),1
1466,Bail,1
1467,Interscholastic Athletics,1
1468,Hunt Tommy (1933- ),1
1469,Bangladesh,1
1470,Metropolitan Transportation Authority,1
1471,Dancing,1
1472,CBS This Morning (TV Program),1
1473,O'Toole Annette,1
1474,San Francisco Bay Area (Calif),1
1475,Bastille Day,1
1476,Kellogg Company,1
1477,Barrow Street Theater,1
1478,Davis Viola,1
1479,Tommy Liesl,1
1480,Grimm Gavin,1
1481,Eisenhower Dwight David,1
1482,LaRue Michael J,1
1483,Secret Service,1
1484,Hockey Ice,1
1485,Fifth Avenue (Manhattan NY),1
1486,Halls of Fame,1
1487,Fort Greene (Brooklyn NY),1
1488,Everybody (Play),1
1489,Health and Human Services Department,1
1490,Magnum Photos,1
1491,Pelosi Nancy,1
1492,Giroux Henry A,1
1493,Roe v Wade (Supreme Court Decision),1
1494,Missouri,1
1495,The Daily Show with Trevor Noah (TV Program),1
1496,Buckhurst Bill,1
1497,Compassion Over Killing,1
1498,Latin America,1
1499,Critchley Simon,1
1500,Hygiene and Cleanliness,1
1501,The Blackstone Group,1
1502,Boston University,1
1503,Navajo Indians,1
1504,Lapine James,1
1505,Air Pollution,1
1506,Medical Marijuana,1
1507,Kerry John,1
1508,Voice and Speech,1
1509,California Prune Board,1
1510,Playboy Magazine,1
1511,Blood Pressure,1
1512,Girona (Spain),1
1513,Axa SA,1
1514,United States Anti-Doping Agency,1
1515,The Golden Girls (TV Program),1
1516,James LeBron,1
1517,Postal Service and Post Offices,1
1518,Cohen Michael D (1966- ),1
1519,Heart Mountain Relocation Center,1
1520,WQXR,1
1521,Building (Construction),1
1522,Vickery Amanda,1
1523,Prune (Manhattan NY Restaurant),1
1524,If I Forget (Play),1
1525,Crivella Marcelo,1
1526,Romania,1
1527,Ranieri Claudio,1
1528,Single Persons,1
1529,Forti Simona (1958- ),1
1530,Workplace Hazards and Violations,1
1531,Guidara Will,1
1532,Kid Victory (Play),1
1533,Stadiums and Arenas,1
1534,Skiing,1
1535,A Cure for Wellness (Movie),1
1536,Corporate Taxes,1
1537,Homeland (TV Program),1
1538,Heritage Foundation,1
1539,Nilsson Magnus,1
1540,North America,1
1541,The Penitent (Play),1
1542,National ICE Council,1
1543,Parks and Other Recreation Areas,1
1544,Atelier Crenn (San Francisco Calif Restaurant),1
1545,Yancy George,1
1546,Ettinger Bracha L,1
1547,Beans,1
1548,Radiation,1
1549,Tow Claire Theater (Manhattan NY),1
1550,National Governors Assn,1
1551,Birney Reed,1
1552,Bull in a China Shop (Play),1
1553,Letts Tracy,1
1554,Ontario (Canada),1
1555,United States Olympic Committee,1
1556,White Betty,1
1557,Jimmy Kimmel Live (TV Program),1
1558,Hackford Taylor,1
1559,Ruiz Jerry,1
1560,A United Kingdom (Movie),1
1561,Lieu Ted W (1969- ),1
1562,Lakes,1
1563,Wood Diane Pamela,1
1564,Argentina,1
1565,Impeachment,1
1566,Moreno Lou,1
1567,Broadway League,1
1568,Teachers and School Employees,1
1569,Airports,1
1570,Sobelle Geoff,1
1571,Groundhogs,1
1572,Tagliabue Paul,1
1573,Soups,1
1574,Logan (Movie),1
1575,Cloud Peak Energy Inc,1
1576,Sweethome The,1
1577,Dow Annie,1
1578,Chbosky Stephen,1
1579,Bangkok (Thailand),1
1580,Stalin Joseph,1
1581,Barbaro Michael,1
1582,Homsi Marhaf,1
1583,Intar Theater,1
1584,Mishiguene (Buenos Aires Argentina Restaurant),1
1585,Paes Eduardo,1
1586,Presidential Election of 1984,1
1587,Supreme Courts (State),1
1588,Chazelle Damien,1
1589,United States Marine Corps,1
1590,Rings (Movie),1
1591,Hynes Dev (Blood Orange),1
1592,Conventions Fairs and Trade Shows,1
1593,Petraeus David H,1
1594,Religion-State Relations,1
1595,Tofu,1
1596,Riggins Crystal,1
1597,Cleveland Cavaliers,1
1598,Hunting and Trapping,1
1599,Senate Committee on Health Education Labor and Pensions,1
1600,Churchill Caryl,1
1601,Stars and Galaxies,1
1602,Nepotism,1
1603,National Bureau of Statistics (China),1
1604,Screen Actors Guild,1
1605,Jordan Vernon E Jr,1
1606,Atlanta (Ga),1
1607,Ovarian Cancer,1
1608,Coffman Amber (1984- ),1
1609,Superior Farms Pet Provisions LLC,1
1610,Indigenous People,1
1611,Emotions,1
1612,Ratings (Parental Guidance),1
1613,Huang Jiefu,1
1614,Sardinia (Italy),1
1615,Murray Patty,1
1616,Hurricane Diane (Play),1
1617,Garcia Marquez Gabriel,1
1618,YouTube.com,1
1619,Student Nonviolent Coordinating Committee (SNCC),1
1620,Apocalypse Now (Movie),1
1621,The Glass Menagerie (Play),1
1622,Karachi (Pakistan),1
1623,United States Special Operations Command,1
1624,United States Golf Assn,1
1625,Iowa,1
1626,Britell Nicholas (1980- ),1
1627,Lungs,1
1628,Hubble Constant,1
1629,Equal Educational Opportunities,1
1630,Liposuction,1
1631,Airlines and Airplanes,1
1632,Buenos Aires (Argentina),1
1633,Elections Senate,1
1634,Saturday Night Live (TV Program),1
1635,Times Square and 42nd Street (Manhattan NY),1
1636,Forgery,1
1637,Kjellberg Felix (PewDiePie),1
1638,Libel and Slander,1
1639,Cancelmi Louis,1
1640,Wirecutter The,1
1641,Shortages,1
1642,Sulzberger Iphigene Ochs,1
1643,Manus Island (Papua New Guinea),1
1644,Rocket Science and Propulsion,1
1645,Field Sally,1
1646,Arms Control and Limitation and Disarmament,1
1647,Welfare (US),1
1648,Oman,1
1649,Buss Jeanie,1
1650,Utica (NY),1
1651,Biorhythms,1
1652,Depression (Mental),1
1653,Mock Janet,1
1654,Bush George,1
1655,Woods Tiger,1
1656,Salads,1
1657,North American Free Trade Agreement,1
1658,Wolfe Cary (1959- ),1
1659,Burger King Corp,1
1660,El Bulli (Catalonia Spain Restaurant),1
1661,Rios Federico,1
1662,Mesa Jesus Jr,1
1663,South Bronx (Bronx NY),1
1664,Tolischus Otto D,1
1665,Jujamcyn Theaters,1
1666,Tygart Travis,1
1667,Maker Studios,1
1668,Vigliotti Charles,1
1669,Vermeer Jan,1
1670,Merchant Stephen,1
1671,Oceans and Seas,1
1672,Zandvliet Martin Pieter,1
1673,Gardens and Gardening,1
1674,Signal (Open Whisper Systems),1
1675,Wilders Geert,1
1676,Grocery Manufacturers Assn,1
1677,Taylor-Wood Sam,1
1678,Chromosomes,1
1679,Pence Karen (1957- ),1
1680,Bauer Chris (1966- ),1
1681,Hill Charles (1936- ),1
1682,Beverages,1
1683,Entrepreneurship,1
1684,Fish Men (Play),1
1685,Emerson Michael (1954- ),1
1686,Hitler Adolf,1
1687,Cosmetics and Toiletries,1
1688,Foundation for Individual Rights in Education,1
1689,Windsor (Ontario),1
1690,Sitton Claude (1925-2015),1
1691,State of the City Message (NYC),1
1692,National Basketball Assn,1
1693,Craftbar (Manhattan NY Restaurant),1
1694,Fong Inn Too (Manhattan NY Retailer),1
1695,Teeth and Dentistry,1
1696,Munro Hector Hugh (1870-1916),1
1697,Redmayne Eddie,1
1698,Endowments,1
1699,Dunham Lena,1
1700,Birth Control and Family Planning,1
1701,Chinese Tuxedo (Manhattan NY Restaurant),1
1702,Rancho Gordo,1
1703,Martinez Eddie (1981- ),1
1704,Education Department (Ind),1
1705,Turkey,1
1706,Farfetch.com,1
1707,Tokyo (Japan),1
1708,Vegetables,1
1709,Washington Martha (1731-1802),1
1710,Getty Estelle,1
1711,Weekender Billiard (Queens NY),1
1712,Scholastic Corporation,1
