"byline","articles","words","words per article","comments","comments per articles","recommendations"
"By A. O. SCOTT",8,5428,678.5,297,37.125,2203
"By A.O. SCOTT",1,880,880,143,143,1526
"By AARON E. CARROLL",6,6016,1002.66666666667,990,165,9550
"By AARON E. CARROLL and AUSTIN FRAKT",1,957,957,175,175,2847
"By AARON HANLON",1,1081,1081,405,405,8801
"By ABBY ELLIN",3,3446,1148.66666666667,354,118,6633
"By ABBY GOODNOUGH and ROBERT PEAR",1,3361,3361,267,267,4265
"By ABIGAIL BEREOLA",1,161,161,3,3,29
"By ABIGAIL DEUTSCH",1,903,903,19,19,93
"By ADAM BAIDAWI",1,1278,1278,81,81,2107
"By ADAM GOLDMAN",2,2789,1394.5,234,117,2067
"By ADAM GOLDMAN, ERIC LICHTBLAU and MATT APUZZO",1,1124,1124,1740,1740,43177
"By ADAM LIPTAK",4,5027,1256.75,4404,1101,99702
"By ADAM LOFTEN and EMMANUEL VAUGHAN-LEE",1,403,403,28,28,131
"By ADAM NAGOURNEY",2,1696,848,647,323.5,8940
"By ADAM NAGOURNEY and JOSE A. DEL REAL",1,1161,1161,20,20,217
"By ADAM NAGOURNEY and JULIE TURKEWITZ",1,838,838,19,19,61
"By ADAM NAGOURNEY and MATT STEVENS",1,1173,1173,44,44,268
"By ADAM NAGOURNEY and THOMAS FULLER",2,1898,949,46,23,188
"By ADAM NAGOURNEY and TIM ARANGO",1,1592,1592,17,17,104
"By ADAM NOSSITER",5,6187,1237.4,731,146.2,11146
"By ADAM POPESCU",2,2080,1040,46,23,247
"By ADAM SHATZ",1,1619,1619,253,253,2908
"By AFUA COOPER",1,1362,1362,13,13,117
"By AILEEN JACOBSON",1,1598,1598,38,38,415
"By AL BAKER",1,865,865,25,25,233
"By ALAN BLINDER",1,482,482,234,234,3457
"By ALAN BLINDER and NICOLE PERLROTH",1,1439,1439,206,206,3333
"By ALAN BLINDER, JESS BIDGOOD and VIVIAN WANG",1,1131,1131,178,178,2942
"By ALAN GOLDFARB",1,87,87,1,1,4
"By ALAN LIGHT",1,1726,1726,289,289,5541
"By ALAN MAGILL",1,128,128,11,11,146
"By ALAN RAPPEPORT",3,3386,1128.66666666667,1243,414.333333333333,34766
"By ALAN RAPPEPORT and CECILIA KANG",1,589,589,34,34,264
"By ALAN RAPPEPORT and ERIC LICHTBLAU",1,641,641,926,926,20017
"By ALAN RAPPEPORT and JIM TANKERSLEY",1,1104,1104,53,53,261
"By ALAN RAPPEPORT, MILAN SCHREUER, JIM TANKERSLEY and NATASHA SINGER",1,1515,1515,39,39,374
"By ALAN TONELSON",1,789,789,333,333,3088
"By ALAN WONG",1,1056,1056,17,17,27
"By ALBERT SUN",1,1154,1154,27,27,102
"By ALEC MacGILLIS",1,1285,1285,654,654,7086
"By ALEC SCHIERENBECK",1,769,769,707,707,7461
"By ALEX HAWGOOD",1,378,378,7,7,114
"By ALEX MARKOVICH",1,135,135,14,14,76
"By ALEX VADUKUL",1,2726,2726,338,338,7829
"By ALEX WAGNER",1,974,974,306,306,3403
"By ALEX WILLIAMS",2,2501,1250.5,206,103,3659
"By ALEXANDER BARKOFF",1,174,174,11,11,60
"By ALEXANDER BURNS",2,2354,1177,47,23.5,320
"By ALEXANDER BURNS and JONATHAN MARTIN",3,4789,1596.33333333333,2000,666.666666666667,47361
"By ALEXANDER BURNS and JULIE TURKEWITZ",1,1548,1548,385,385,7864
"By ALEXANDER BURNS and MITCH SMITH",1,1629,1629,1223,1223,25704
"By ALEXANDER GEORGE",1,1084,1084,413,413,7126
"By ALEXANDER LAHL and VOLKER SCHLECHT",1,430,430,19,19,50
"By ALEXANDRA ALTER",1,1562,1562,25,25,338
"By ALEXANDRA HOROWITZ",1,916,916,319,319,3811
"By ALEXANDRA S. LEVINE",31,37982,1225.22580645161,466,15.0322580645161,3098
"By ALEXANDRA S. LEVINE and AMY ZERBA",1,1214,1214,15,15,84
"By ALEXANDRA S. LEVINE and ANDY NEWMAN",1,988,988,49,49,232
"By ALEXANDRA S. LEVINE and JONATHAN WOLFE",2,2112,1056,18,9,98
"By ALEXANDRA STEVENSON and MATT PHILLIPS",1,887,887,221,221,5430
"By ALEXIS COE",1,910,910,28,28,138
"By ALEXIS SOLOSKI",11,7866,715.090909090909,50,4.54545454545455,95
"By ALICE CALLAHAN",4,2221,555.25,289,72.25,2025
"By ALICE SWERSEY",1,168,168,12,12,122
"By ALISSA J. RUBIN",3,3910,1303.33333333333,512,170.666666666667,7474
"By ALLAN HOLMES",1,1340,1340,45,45,325
"By ALLEN HIRSCH",1,775,775,72,72,991
"By ALLISON ARIEFF",1,1306,1306,28,28,283
"By AMANDA DUARTE",2,2798,1399,13,6.5,58
"By AMANDA HESS",3,8759,2919.66666666667,438,146,6488
"By AMANDA TAUB",1,1725,1725,379,379,7302
"By AMBER BATURA",1,1540,1540,109,109,1430
"By AMISHA PADNANI",1,713,713,126,126,465
"By AMITHA KALAICHANDRAN, M.D., SUNITA VOHRA, M.D. and ROGER ZEMEK, M.D",1,927,927,83,83,648
"By AMY CHOZICK",1,818,818,37,37,562
"By AMY KROUSE ROSENTHAL",1,1350,1350,1421,1421,27743
"By AMY McQUIRE and LIZZIE O'SHEA",1,1077,1077,72,72,342
"By AMY ZERBA and JONATHAN  WOLFE",1,1185,1185,30,30,128
"By ANA MARIE COX",1,657,657,25,25,608
"By ANA SWANSON",7,7721,1103,3448,492.571428571429,58994
"By ANA SWANSON and JIM TANKERSLEY",1,1110,1110,134,134,3123
"By ANA SWANSON, MARK LANDLER and MAGGIE HABERMAN",1,1458,1458,248,248,3767
"By ANA VANESSA HERRERO",1,365,365,2,2,2
"By ANA VANESSA HERRERO and NICHOLAS CASEY",1,1521,1521,30,30,152
"By ANAHAD O'CONNOR",2,2906,1453,160,80,1132
"By ANDREI CIMPIAN and SARAH-JANE LESLIE",1,951,951,183,183,1860
"By ANDREW BORYGA",1,576,576,3,3,2
"By ANDREW DAS",1,1155,1155,6,6,12
"By ANDREW HIGGINS",6,8612,1435.33333333333,1844,307.333333333333,19896
"By ANDREW KEH",1,1107,1107,30,30,66
"By ANDREW PEARSON",1,1568,1568,35,35,118
"By ANDREW ROSENTHAL",4,2934,733.5,1487,371.75,60602
"By ANDREW ROSS SORKIN",3,3402,1134,108,36,578
"By ANDREW SHUTTLEWORTH",1,137,137,22,22,329
"By ANDREW SONDERN",1,202,202,12,12,121
"By ANDREW WIEST",1,1264,1264,51,51,156
"By ANDY NEWMAN",1,2603,2603,58,58,760
"By ANEMONA HARTOCOLLIS",1,668,668,27,27,183
"By ANEMONA HARTOCOLLIS and PATRICIA MAZZEI",1,1211,1211,66,66,1127
"By ANEMONA HARTOCOLLIS and YAMICHE ALCINDOR",1,3324,3324,1700,1700,47237
"By ANGELA ELSON",1,909,909,112,112,1867
"By ANGELICA JADE BASTIÉN",3,3104,1034.66666666667,66,22,490
"By ANGELINA JOLIE",1,977,977,464,464,5944
"By ANITA GATES",1,529,529,15,15,22
"By ANN CARRNS",1,1359,1359,36,36,565
"By ANNA ARENA",1,107,107,24,24,280
"By ANNA JEAN KAISER",1,1316,1316,86,86,1095
"By ANNE BARNARD",1,1099,1099,17,17,122
"By ANNE RUDIG",1,820,820,195,195,2994
"By ANNETTE CALDERON",1,228,228,12,12,99
"By ANNIE CORREAL",1,5041,5041,682,682,8837
"By ANNIE LOWREY",1,3978,3978,100,100,767
"By ANTHONY TOMMASINI",1,819,819,3,3,7
"By ANTONY J. BLINKEN",1,1020,1020,286,286,8595
"By ANYA KAMENETZ",1,1186,1186,28,28,553
"By APARNA NANCHERLA",1,836,836,111,111,2800
"By ARIEL GARFINKEL",1,933,933,30,30,389
"By ARTHUR C. BROOKS and GAIL COLLINS",2,3465,1732.5,619,309.5,18686
"By ARTHUR GATTI",1,61,61,10,10,33
"By ARTHUR LUBOW",1,1644,1644,31,31,295
"By ASHER ELBEIN",1,985,985,11,11,63
"By ATUL M. KARNIK",1,234,234,4,4,22
"By AURELIEN BREEDEN",1,1034,1034,89,89,2001
"By AUSTEN IVEREIGH",1,1810,1810,115,115,3011
"By AUSTIN FRAKT",5,4523,904.6,938,187.6,14079
"By AUSTIN FRAKT and JONATHAN SKINNER",1,1056,1056,87,87,902
"By AZAM AHMED",3,3060,1020,3067,1022.33333333333,61972
"By AZAM AHMED, MATT RICHTEL and ANDREW JACOBS",1,1490,1490,254,254,4450
"By AZAM AHMED, STEVEN ERLANGER and GERRY MULLANY",1,1422,1422,562,562,6893
"By BARBARA EHRENREICH",1,2038,2038,77,77,858
"By BAZ DREISINGER",1,1305,1305,4,4,7
"By BEN BRANTLEY",32,28300,884.375,478,14.9375,2176
"By BEN CASSELMAN",2,2524,1262,140,70,1900
"By BEN HUBBARD",1,615,615,9,9,58
"By BEN HUBBARD, DAVID D. KIRKPATRICK, KATE KELLY and MARK MAZZETTI",1,3159,3159,384,384,5876
"By BEN KENIGSBERG",1,255,255,4,4,2
"By BEN PROTESS and JULIE HIRSCHFELD DAVIS",1,1475,1475,860,860,24883
"By BEN PROTESS and STEVE EDER",1,665,665,17,17,218
"By BEN ROTHENBERG",1,1181,1181,20,20,103
"By BEN SHPIGEL",5,5712,1142.4,483,96.6,5772
"By BEN SISARIO",1,1744,1744,65,65,818
"By BEN SMITH",1,930,930,387,387,9306
"By BENEDICT CAREY",1,1488,1488,108,108,1526
"By BENJAMIN HOFFMAN",1,707,707,20,20,25
"By BENJAMIN HOFFMAN and KEN BELSON",1,1041,1041,91,91,393
"By BENJAMIN MUELLER",1,1420,1420,367,367,10255
"By BENJAMIN MUELLER and AL BAKER",1,1327,1327,4,4,11
"By BENJAMIN WEISER",2,8005,4002.5,1049,524.5,24805
"By BERNARD-HENRI LÉVY",1,1542,1542,458,458,15262
"By BESHA RODELL",3,2785,928.333333333333,15,5,15
"By BETH MACY",1,1476,1476,4,4,6
"By BETSY NEWBERRY",1,301,301,5,5,33
"By BEVERLY GAGE",2,2833,1416.5,407,203.5,3381
"By BHADRA SHARMA and KAI SCHULTZ",1,516,516,34,34,373
"By BILL LORD",1,1122,1122,79,79,952
"By BILL McKIBBEN",1,759,759,167,167,1330
"By BILL PENNINGTON",1,824,824,75,75,416
"By BILLIE TANNER",1,165,165,7,7,116
"By BILLY WITZ",2,3292,1646,41,20.5,224
"By BINYAMIN APPELBAUM",3,3729,1243,254,84.6666666666667,3045
"By BOB BAUER",1,1176,1176,82,82,1261
"By BOLUWAJI OGUNYEMI",1,1123,1123,82,82,614
"By BONNIE TSUI",1,1283,1283,27,27,70
"By BRAD EVANS",1,2135,2135,84,84,861
"By BRAD EVANS and RICHARD J. BERNSTEIN",1,1953,1953,26,26,273
"By BRAD S. KARP and H. CHRISTOPHER BOEHNING",1,880,880,680,680,8517
"By BRADEN PHILLIPS",1,641,641,18,18,39
"By BRENDAN NYHAN",2,1395,697.5,219,109.5,4152
"By BRET STEPHENS",10,8278,827.8,3543,354.3,69748
"By BRIAN CASTNER",1,1285,1285,69,69,794
"By BRIAN M. ROSENTHAL",1,1024,1024,17,17,167
"By BRIAN PALMER",1,1572,1572,35,35,390
"By BRIAN SEIBERT",1,1244,1244,1,1,1
"By BRIAN X. CHEN",2,1516,758,49,24.5,136
"By BRITTANY BRONSON",1,847,847,136,136,1578
"By BROOK LARMER",1,4581,4581,229,229,3017
"By BROOKE JARVIS",1,7084,7084,216,216,2154
"By BROOKS BARNES",4,5362,1340.5,912,228,10730
"By BROOKS BARNES and CARA BUCKLEY",3,5726,1908.66666666667,1922,640.666666666667,25258
"By BROOKS BARNES and MATT STEVENS",1,1051,1051,20,20,48
"By BRUCE FRETTS",1,981,981,14,14,62
"By BRYCE COVERT",1,909,909,748,748,18383
"By C. J. CHIVERS",1,1664,1664,5,5,2
"By C. J. HUGHES",5,2503,500.6,52,10.4,202
"By C.J. HUGHES",1,2185,2185,39,39,303
"By CADE METZ",3,2772,924,41,13.6666666666667,115
"By CAITLIN LOVINGER",29,23710,817.586206896552,2225,76.7241379310345,4861
"By CAMERON SMITH and NORMAN L. EISEN",1,1163,1163,127,127,2674
"By CAMERON ZEIGLER",1,705,705,517,517,9331
"By CAMPBELL ROBERTSON",2,4704,2352,594,297,31481
"By CANDACE JACKSON",1,1140,1140,75,75,1053
"By CARA BUCKLEY",2,1933,966.5,132,66,807
"By CARINA CHOCANO",1,1580,1580,75,75,564
"By CARL BECKWITH",1,78,78,4,4,19
"By CARL HULSE",3,2912,970.666666666667,535,178.333333333333,11860
"By CARL RICHARDS",1,136,136,43,43,592
"By CARL ZIMMER",2,2273,1136.5,38,19,485
"By CARLA KRASNER",1,276,276,7,7,70
"By CARLOTTA GALL",1,1273,1273,40,40,310
"By CARLOTTA GALL and ANNE BARNARD",1,1256,1256,6,6,21
"By CAROL R. STEINBERG",1,1110,1110,111,111,1358
"By CAROL VENTICINQUE",1,175,175,16,16,95
"By CAROLINE BIGGS",1,1311,1311,56,56,806
"By CAROLINE CROSSON GILPIN",66,30766,466.151515151515,1454,22.030303030303,249
"By CAROLINE CROSSON GILPIN and MICHAEL GONCHAR",2,858,429,19,9.5,1
"By CAROLYN SHAPIRO",1,879,879,6,6,28
"By CAS MUDDE",1,1000,1000,90,90,630
"By CASSIDY MCDONALD",2,2182,1091,15,7.5,86
"By CATH POUND",1,1100,1100,10,10,24
"By CATHERINE SAINT LOUIS",3,3535,1178.33333333333,330,110,4133
"By CATRIN EINHORN and ZACH WICHTER",1,1377,1377,52,52,1282
"By CECILIA KANG",2,1893,946.5,437,218.5,3798
"By CECILIA KANG and ALAN RAPPEPORT",2,2529,1264.5,165,82.5,1880
"By CECILIA KANG and SHERYL GAY STOLBERG",1,1101,1101,212,212,2181
"By CHAD BRAY",1,1000,1000,33,33,445
"By CHANTEL TATTOLI",1,974,974,45,45,109
"By CHARLES BRAMESCO",4,4236,1059,139,34.75,562
"By CHARLES E. SCHUMER",1,1008,1008,996,996,18926
"By CHARLES HOMANS",2,3807,1903.5,12,6,47
"By CHARLES ISHERWOOD",7,5205,743.571428571429,19,2.71428571428571,15
"By CHARLES J. SYKES",1,1345,1345,615,615,38220
"By CHARLES M. BLOW",23,20043,871.434782608696,19508,848.173913043478,593401
"By CHARLES McGRATH",1,2385,2385,32,32,172
"By CHARLES V. BAGLI",2,2426,1213,46,23,545
"By CHARLIE SAVAGE",3,4954,1651.33333333333,2353,784.333333333333,40755
"By CHARLIE SAVAGE, ERIC SCHMITT and THOMAS GIBBONS-NEFF",1,1284,1284,54,54,416
"By CHOE SANG-HUN",1,1420,1420,133,133,862
"By CHOE SANG-HUN and MARK LANDLER",2,3206,1603,775,387.5,5451
"By CHRIS BUCKLEY",3,2974,991.333333333333,378,126,5691
"By CHRIS BUCKLEY and SUI-LEE WEE",1,698,698,119,119,847
"By CHRISTIAN G. APPY",1,1965,1965,317,317,2545
"By CHRISTIE THOMPSON",1,1837,1837,163,163,2737
"By CHRISTINA BAKER KLINE",1,1220,1220,67,67,951
"By CHRISTOPH KOETTL",1,526,526,8,8,32
"By CHRISTOPHER CALDWELL",1,2136,2136,858,858,27886
"By CHRISTOPHER CLAREY",4,5043,1260.75,35,8.75,62
"By CHRISTOPHER GOSCHA",1,1899,1899,22,22,280
"By CHRISTOPHER J. LEVESQUE",1,2083,2083,249,249,4240
"By CHRISTOPHER McDOUGALL",1,954,954,30,30,186
"By CLAIRE CAIN MILLER",7,7618,1088.28571428571,1548,221.142857142857,48516
"By CLAIRE CAIN MILLER and KEVIN QUEALY",1,761,761,116,116,1190
"By CLAIRE-LOUISE BENNETT",1,845,845,9,9,19
"By CLAUDIA LEON, MARGARET MONTEMAGNO and THE LEARNING NETWORK",1,1348,1348,1,1,0
"By CLAUDINE SCHNEIDER, ELIOT A. COHEN and NORMAN L. EISEN",1,1223,1223,516,516,15772
"By CLAY RISEN",1,1218,1218,202,202,4679
"By CLEMENS WERGIN",1,910,910,62,62,605
"By CLIFFORD KRAUSS",1,1366,1366,115,115,592
"By CLYDE HABERMAN",2,1612,806,161,80.5,2193
"By COLIN KOOPMAN",1,1222,1222,134,134,585
"By COLIN LEVY",1,569,569,56,56,438
"By CONOR DOUGHERTY",3,4620,1540,856,285.333333333333,12472
"By CONOR DOUGHERTY and BRAD PLUMER",1,1295,1295,224,224,3070
"By CONOR DOUGHERTY and JENNIFER MEDINA",2,2112,1056,94,47,391
"By CONOR DOUGHERTY and JOSE A. DEL REAL",1,1099,1099,31,31,174
"By CONSTANCE MALCOLM",1,1056,1056,105,105,890
"By CORAL DAVENPORT",2,2292,1146,1298,649,27506
"By CORAL DAVENPORT and ERIC LIPTON",1,1372,1372,422,422,10599
"By CORAL DAVENPORT and HIROKO TABUCHI",1,1730,1730,1252,1252,25359
"By COREN APICELLA and JOHANNA MOLLERSTROM",1,1259,1259,159,159,1962
"By COREY KILGANNON and JOHN TAGGART",1,985,985,2,2,5
"By DAISUKE WAKABAYASHI",1,1249,1249,1319,1319,11629
"By DAIZA APONTE TORRES",1,566,566,94,94,1855
"By DAKOTA HANCHETT",1,811,811,1703,1703,28840
"By DAMIEN CAVE and DARCY EVELEIGH",2,1098,549,35,17.5,199
"By DAMON DARLIN",1,390,390,107,107,710
"By DAN ARNOLD and ALICIA TURNER",1,2140,2140,362,362,3577
"By DAN BARRY",1,1087,1087,9,9,17
"By DAN BILEFSKY",6,7006,1167.66666666667,273,45.5,3706
"By DAN BROOKS",1,947,947,83,83,1594
"By DAN SALTZSTEIN",1,2940,2940,419,419,8791
"By DANA GOLDSTEIN",3,4209,1403,740,246.666666666667,16764
"By DANIEL McCARTHY",2,2526,1263,1497,748.5,24839
"By DANIEL VICTOR",1,613,613,14,14,78
"By DANIELA LAMAS, M.D",1,1330,1330,154,154,2223
"By DANIELLE MARTIN",1,708,708,200,200,2256
"By DANNY HAKIM",2,2227,1113.5,376,188,4953
"By DARCY SCHLEIFSTEIN, ZACHARY DOUGHERTY and SARAH EMILY BAUM",1,611,611,472,472,8889
"By DAVE ITZKOFF",3,5109,1703,107,35.6666666666667,1181
"By DAVE MONTGOMERY and JESS BIDGOOD",1,947,947,22,22,108
"By DAVE MONTGOMERY, MANNY FERNANDEZ and MATTHEW HAAG",1,1392,1392,58,58,776
"By DAVID BIANCULLI",1,1706,1706,299,299,6037
"By DAVID BORNSTEIN",1,1569,1569,85,85,780
"By DAVID BROOKS",27,22585,836.481481481482,22021,815.592592592593,660178
"By DAVID D. KIRKPATRICK and MARK MAZZETTI",1,2096,2096,112,112,3868
"By DAVID E. SANGER",4,3987,996.75,1582,395.5,35491
"By DAVID E. SANGER and ERIC SCHMITT",1,1303,1303,760,760,11930
"By DAVID E. SANGER and WILLIAM J. BROAD",2,4002,2001,1476,738,24455
"By DAVID E. SANGER, ERIC SCHMITT and PETER BAKER",1,1701,1701,1230,1230,39347
"By DAVID FOWLER",1,215,215,51,51,273
"By DAVID GELLES",9,3157,350.777777777778,103,11.4444444444444,373
"By DAVID GERSTEL",1,1530,1530,141,141,1932
"By DAVID GONZALEZ",9,6636,737.333333333333,43,4.77777777777778,33
"By DAVID J. SHULKIN",1,838,838,107,107,3141
"By DAVID KARP",1,2004,2004,277,277,2164
"By DAVID L. KIRP",1,1136,1136,21,21,488
"By DAVID LEONHARDT",14,11656,832.571428571429,6776,484,129202
"By DAVID M. HALBFINGER",1,1109,1109,28,28,228
"By DAVID MARGOLICK",1,2353,2353,27,27,208
"By DAVID MILIBAND",1,946,946,616,616,11726
"By DAVID PRIESTLAND",1,1629,1629,300,300,2634
"By DAVID REICH",1,2502,2502,706,706,10163
"By DAVID STREITFELD",1,3142,3142,304,304,4165
"By DAVID STREITFELD and JACQUELINE WILLIAMS",1,985,985,490,490,11483
"By DAVID STREITFELD and JOSE A. DEL REAL",1,1040,1040,53,53,582
"By DAVID STREITFELD, NATASHA SINGER and STEVEN ERLANGER",1,1525,1525,476,476,4546
"By DAVID TANIS",13,6721,517,277,21.3076923076923,884
"By DAVID W. DUNLAP",11,10833,984.818181818182,230,20.9090909090909,1352
"By DAVID WALDSTEIN",1,1270,1270,274,274,1260
"By DAVID WEBBER",1,1115,1115,484,484,12652
"By DEANNA SALERNO",1,216,216,27,27,226
"By DEB AMLEN",94,52722,560.872340425532,5769,61.3723404255319,13230
"By DEBORAH CRAMER",1,1087,1087,52,52,341
"By DEBORAH EPSTEIN and KIT GRUELLE",1,856,856,275,275,3407
"By DEBORAH WILLIAMS",1,747,747,78,78,365
"By DECLAN WALSH and NOUR YOUSSEF",1,961,961,3,3,13
"By DENENE MILLNER",2,1911,955.5,248,124,2846
"By DENISE GRADY",2,2241,1120.5,212,106,2049
"By DENNIS OVERBYE",4,8659,2164.75,903,225.75,13494
"By DEREK THOMPSON",1,1410,1410,384,384,4163
"By DEVORAH BLACHOR",1,846,846,149,149,2858
"By DEVORAH HEITNER",1,1007,1007,50,50,650
"By DHRUV KHULLAR",1,1219,1219,158,158,4852
"By DHRUV KHULLAR, M.D",1,998,998,169,169,2618
"By DIANA WHITNEY",1,1042,1042,36,36,519
"By DIDI KIRSTEN TATLOW",7,4652,664.571428571429,154,22,669
"By DIEN HUYNH",1,1269,1269,9,9,27
"By DONALD G. McNEIL Jr",2,1692,846,16,8,200
"By DONALD J. BOUDREAUX",1,804,804,196,196,1975
"By DONALD KIRK",1,929,929,156,156,1325
"By DONALD P. MOYNIHAN",1,964,964,364,364,8456
"By DONNA DE LA CRUZ",1,817,817,27,27,255
"By DORIS IAROVICI, M.D",1,902,902,197,197,2394
"By DOUG BRADLEY",1,1567,1567,81,81,578
"By DOUG GLANVILLE",1,1325,1325,61,61,177
"By DOUGLAS QUENQUA",2,1049,524.5,27,13.5,141
"By DWIGHT GARNER, PARUL SEHGAL and JENNIFER SZALAI",1,2915,2915,33,33,224
"By EDDIE HUANG",1,933,933,249,249,7193
"By EDUARDO PORTER",1,1090,1090,135,135,1582
"By EDWARD WONG",2,2331,1165.5,79,39.5,229
"By EILEEN SULLIVAN",2,542,271,336,168,5501
"By EITAN KONIGSBURG and VINESSA WAN",1,457,457,24,24,43
"By ELAINE GLUSAC",2,3397,1698.5,40,20,51
"By ELAINE WEISS",1,1180,1180,115,115,1152
"By ELANA RABINOWITZ",1,271,271,17,17,72
"By ELISABETH EGAN",1,914,914,369,369,7836
"By ELISABETH VINCENTELLI",5,2656,531.2,10,2,10
"By ELISABETTA POVOLEDO",1,1200,1200,18,18,78
"By ELIZABETH A. HARRIS",1,836,836,22,22,153
"By ELIZABETH FIELD",1,2782,2782,44,44,289
"By ELIZABETH HINTON",1,764,764,383,383,4454
"By ELIZABETH PATON",2,1906,953,9,4.5,25
"By ELIZABETH PRICE FOLEY",1,799,799,616,616,7597
"By ELIZABETH ROYTE",1,3373,3373,48,48,577
"By ELIZABETH WORD GUTTING",1,994,994,273,273,5021
"By ELLEN BARRY",4,7040,1760,1184,296,25208
"By ELLEN BARRY and RICHARD PÉREZ-PEÑA",1,1551,1551,401,401,7287
"By ELLEN HANDLER SPITZ",1,176,176,7,7,28
"By EMILY BADGER",2,2691,1345.5,388,194,5042
"By EMILY BAUMGAERTNER",1,673,673,1011,1011,11903
"By EMILY BAZELON",1,6048,6048,538,538,12717
"By EMILY COCHRANE and JESS BIDGOOD",1,1169,1169,295,295,4274
"By EMILY F. POPEK",1,968,968,58,58,854
"By EMILY FLITTER",1,1650,1650,200,200,3614
"By EMILY FLITTER, KENNETH P. VOGEL and ALAN RAPPEPORT",1,1341,1341,32,32,373
"By EMILY HANFORD",1,522,522,44,44,547
"By EMILY STEEL and MICHAEL S. SCHMIDT",1,1682,1682,799,799,25327
"By EMIR M. O'HARA",1,55,55,3,3,7
"By EMMA G. FITZSIMMONS",2,2426,1213,412,206,4915
"By EMMA G. FITZSIMMONS and EMILY PALMER",1,1047,1047,38,38,315
"By EMMARIE HUETTEMAN",1,527,527,343,343,7106
"By EMMARIE HUETTEMAN and YAMICHE ALCINDOR",1,1470,1470,2941,2941,59282
"By EMMERSON DAMBUDZO MNANGAGWA",1,857,857,46,46,201
"By ERIC ASIMOV",17,20341,1196.52941176471,593,34.8823529411765,2419
"By ERIC KAPLAN",1,1569,1569,72,72,292
"By ERIC LICHTBLAU and MATT FLEGENHEIMER",1,1212,1212,434,434,5805
"By ERIC LIPTON",3,6957,2319,1367,455.666666666667,28897
"By ERIC LIPTON and CORAL DAVENPORT",1,1978,1978,871,871,20553
"By ERIC LIPTON and DANIELLE IVORY",1,1502,1502,90,90,1313
"By ERIC LIPTON and LISA FRIEDMAN",1,1506,1506,204,204,4276
"By ERIC LIPTON and MATT FLEGENHEIMER",1,1305,1305,1762,1762,38866
"By ERIC SCHMITT and THOMAS GIBBONS-NEFF",1,1171,1171,47,47,219
"By ERIC WILSON",1,2232,2232,117,117,2986
"By ERICA L. GREEN",3,4083,1361,592,197.333333333333,17201
"By ERICA L. GREEN and MANNY FERNANDEZ",1,1711,1711,416,416,5787
"By ERIK ECKHOLM",1,2226,2226,147,147,1318
"By ERNESTO LONDOÑO and MOTOKO RICH",1,1368,1368,494,494,8389
"By ERNESTO LONDOÑO, SHASTA DARLINGTON and DANIEL POLITI",1,1372,1372,49,49,807
"By ERNIE TEDESCHI",1,1099,1099,78,78,850
"By ERROL MORRIS",1,1217,1217,204,204,2082
"By ERSILIA M. DEFILIPPIS, M.D",1,916,916,106,106,1992
"By EVAN McMULLIN",1,849,849,375,375,21729
"By EVAN RAIL",1,1572,1572,17,17,107
"By EVELYN NIEVES",4,3368,842,83,20.75,805
"By EZRA LEVIN, LEAH GREENBERG and ANGEL PADILLA",1,875,875,701,701,8377
"By FARAH STOCKMAN",2,2969,1484.5,1703,851.5,44549
"By FARHAD MANJOO",4,6145,1536.25,2051,512.75,35064
"By FATIMA FAIZI",1,1607,1607,29,29,266
"By FATIMA FAIZI and ROD NORDLAND",1,1180,1180,14,14,93
"By FAYEMI SHAKUR",1,664,664,4,4,1
"By FERNANDA SANTOS",2,2451,1225.5,1106,553,22801
"By FILIP BONDY",1,776,776,6,6,9
"By FLORENCE FABRICANT",7,2974,424.857142857143,139,19.8571428571429,751
"By FRANCES ROBLES and JOSE A. DEL REAL",1,1112,1112,681,681,23013
"By FRANCIS LAM",2,1527,763.5,35,17.5,191
"By FRANK BRUNI",24,25763,1073.45833333333,15995,666.458333333333,427487
"By FRANK LITSKY and BRUCE WEBER",1,2119,2119,52,52,448
"By FREDA MOON",1,1723,1723,24,24,63
"By FREDRIK LOGEVALL",2,2854,1427,308,154,3473
"By GABRIEL ROCKHILL",1,1270,1270,142,142,2216
"By GABRIELLE HAMILTON",2,1876,938,41,20.5,208
"By GABY PACHECO",1,1146,1146,47,47,752
"By GAIL COLLINS",23,19137,832.04347826087,14276,620.695652173913,537722
"By GAIL COLLINS and BENJAMIN DOMENECH",2,3319,1659.5,536,268,14288
"By GAIL COLLINS and BRET STEPHENS",2,2909,1454.5,419,209.5,10556
"By GAIL COLLINS and FRANK BRUNI",1,1499,1499,164,164,2432
"By GARDINER HARRIS",2,2706,1353,366,183,8985
"By GARRETT BRADLEY",1,415,415,45,45,487
"By GARY CLINTON",1,227,227,7,7,125
"By GARY GUTTING",1,1289,1289,302,302,2000
"By GARY LIPPMAN",1,112,112,5,5,17
"By GARY TAUBES",1,1141,1141,592,592,6501
"By GEORGE BORJAS",1,1538,1538,195,195,4676
"By GEORGE ESTREICH",1,1427,1427,77,77,2060
"By GEORGE VECSEY",1,1008,1008,32,32,63
"By GEORGE YANCY",1,1528,1528,91,91,1890
"By GERRY MULLANY",1,346,346,88,88,866
"By GILES HARVEY",1,4884,4884,33,33,260
"By GINA KOLATA",4,4822,1205.5,618,154.5,9974
"By GINIA BELLAFANTE",8,8596,1074.5,979,122.375,17518
"By GIOVANNI RUSSONELLO",10,6036,603.6,35,3.5,113
"By GLENN KENNY",1,606,606,9,9,37
"By GLENN THRUSH",5,6696,1339.2,1875,375,46519
"By GLENN THRUSH and MAGGIE HABERMAN",2,3367,1683.5,2411,1205.5,83741
"By GLENN THRUSH, KATE KELLY and MAGGIE HABERMAN",1,1469,1469,933,933,18904
"By GLORIA STEINEM",1,1268,1268,512,512,7770
"By GREG HOWARD",1,1592,1592,119,119,1500
"By GRETCHEN MORGENSON",1,1079,1079,47,47,314
"By GRETCHEN REYNOLDS",18,14165,786.944444444444,2099,116.611111111111,23716
"By HADIL MANSOOR AL-MOWAFAK",1,830,830,155,155,3482
"By HAI T. NGUYEN",1,1914,1914,197,197,2943
"By HAROLD POLLACK and TIMOTHY S. JOST",1,879,879,398,398,5553
"By HARRIET CONSTABLE and RACHEL CLARA REED",1,1685,1685,6,6,49
"By HARVEY ARATON",5,5275,1055,212,42.4,1036
"By HEATHER MURPHY",1,889,889,168,168,1932
"By HEATHER STUR",1,1409,1409,60,60,507
"By HELEN MACDONALD",1,3564,3564,76,76,636
"By HELENE COOPER",2,2000,1000,349,174.5,4803
"By HELENE COOPER and ERIC SCHMITT",1,1215,1215,22,22,80
"By HELENE COOPER, MATTHEW ROSENBERG and YAMICHE ALCINDOR",1,498,498,199,199,2252
"By HELENE COOPER, THOMAS GIBBONS-NEFF and ERIC SCHMITT",1,1306,1306,35,35,503
"By HELENE STAPINSKI",1,2714,2714,134,134,3089
"By HENRY FOUNTAIN",1,1584,1584,63,63,356
"By HIROKO TABUCHI",1,957,957,6,6,20
"By HOLLAND COTTER",2,3840,1920,23,11.5,56
"By HOWARD AXELROD",1,926,926,30,30,254
"By IAN AUSTEN and CLIFFORD KRAUSS",1,1172,1172,141,141,1267
"By IAN AUSTEN and DAN BILEFSKY",1,754,754,73,73,1031
"By IAN FISHER",1,819,819,246,246,2458
"By IAN JOHNSON",1,1068,1068,25,25,40
"By INGE HERSHKOWITZ",1,132,132,13,13,178
"By INYOUNG KANG",1,922,922,29,29,502
"By IOAN GRILLO",2,1740,870,1648,824,25172
"By IRYNA VASKO",1,121,121,8,8,131
"By ISAAC OLIVER",2,2439,1219.5,52,26,832
"By ISABEL KERSHNER and IYAD ABUHEWEILA",1,1206,1206,698,698,18945
"By ISABEL KERSHNER and JOANNA BERENDT",1,1218,1218,22,22,234
"By ISABELLE ROBINSON",1,783,783,1305,1305,47857
"By IVAN NECHEPURENKO",1,321,321,17,17,122
"By IVAN PENN",1,1200,1200,26,26,175
"By J. B. SILVERS",1,941,941,880,880,25755
"By J. BRYAN MCGEEVER",1,198,198,7,7,106
"By J. DAVID GOODMAN",3,3069,1023,201,67,2103
"By J. DAVID GOODMAN and AMY CHOZICK",1,1010,1010,286,286,5139
"By J. DAVID GOODMAN and NIKITA STEWART",1,1726,1726,38,38,590
"By J. DAVID GOODMAN and WILLIAM NEUMAN",1,1333,1333,94,94,2115
"By JACK EWING",2,2205,1102.5,29,14.5,183
"By JACK EWING, ADAM GOLDMAN and HIROKO TABUCHI",1,1190,1190,125,125,2637
"By JACK HEALY",2,2554,1277,1155,577.5,43737
"By JACK NICAS",2,2792,1396,71,35.5,1080
"By JACK WILLIAMS",1,1110,1110,18,18,27
"By JACOB TOBIA",1,930,930,137,137,2162
"By JACQUELINE WOODSON",1,1537,1537,27,27,260
"By JADA YUAN",4,7244,1811,247,61.75,2808
"By JAIME LOWE",1,406,406,4,4,3
"By JAKE NAUGHTON",1,787,787,3,3,0
"By JAMES ANGELOS",1,5410,5410,325,325,4730
"By JAMES B. STEWART",3,3831,1277,260,86.6666666666667,2459
"By JAMES C. McKINLEY Jr. and JAN RANSOM",1,1769,1769,37,37,613
"By JAMES CAMPBELL",1,1179,1179,16,16,76
"By JAMES CARD",1,2033,2033,51,51,408
"By JAMES ESTRIN",12,13393,1116.08333333333,126,10.5,722
"By JAMES GORMAN",2,1989,994.5,46,23,348
"By JAMES HAMBLIN",1,1794,1794,251,251,2986
"By JAMES HILL",1,1650,1650,29,29,112
"By JAMES MONTAGUE",1,1100,1100,16,16,10
"By JAMES RISEN and MATTHEW ROSENBERG",1,1245,1245,850,850,19914
"By JAMES WAGNER",1,1295,1295,41,41,499
"By JAN BENZEL",1,2233,2233,63,63,302
"By JAN HOFFMAN",3,4959,1653,955,318.333333333333,16595
"By JAN RANSOM",1,690,690,29,29,463
"By JANE E. BRODY",13,14106,1085.07692307692,2866,220.461538461538,36585
"By JANE EATON HAMILTON",1,1329,1329,137,137,4433
"By JANE HAMILTON",1,1075,1075,38,38,468
"By JANE L. LEVERE",1,1013,1013,2,2,7
"By JANE MARGOLIES",1,754,754,2,2,14
"By JANE PERLEZ",3,4045,1348.33333333333,776,258.666666666667,14785
"By JANET MASLIN",1,844,844,1,1,3
"By JARED BERNSTEIN",1,923,923,260,260,3644
"By JASON HOROWITZ",5,7432,1486.4,1112,222.4,26569
"By JASON SOKOL",1,938,938,289,289,3649
"By JASON STANLEY",1,993,993,218,218,1273
"By JASON WILSON",1,1317,1317,48,48,148
"By JASON ZENGERLE",1,1005,1005,13,13,112
"By JAVIER C. HERNÁNDEZ",2,1954,977,106,53,774
"By JAY CASPIAN KANG",2,2653,1326.5,45,22.5,153
"By JAY FRANZONE",1,843,843,118,118,1879
"By JAY LEVIN",1,1439,1439,10,10,58
"By JAY P. LEFKOWITZ",1,943,943,242,242,3291
"By JAY RUCKELSHAUS",1,1070,1070,136,136,1261
"By JEAN H. LEE",1,835,835,38,38,366
"By JEANNE MARIE LASKAS",1,8784,8784,481,481,18354
"By JEANNETTE CATSOULIS",2,519,259.5,13,6.5,40
"By JEFF ARNOLD",1,1111,1111,13,13,276
"By JEFF GILES",1,936,936,16,16,276
"By JEFFERY C. MAYS and SHANE GOLDMACHER",1,1588,1588,50,50,362
"By JEFFREY GETTLEMAN",3,4207,1402.33333333333,656,218.666666666667,9081
"By JEFFREY J. SELINGO",1,1717,1717,380,380,5275
"By JEFFREY LIEBER",1,1180,1180,144,144,722
"By JEFFREY PENN",1,212,212,9,9,36
"By JEN A. MILLER",3,3802,1267.33333333333,472,157.333333333333,11526
"By JEN GUNTER",1,1068,1068,161,161,3925
"By JENNA WORTHAM",2,2649,1324.5,61,30.5,360
"By JENNIFER FINNEY BOYLAN",4,3737,934.25,985,246.25,12609
"By JENNIFER KAHN",1,5932,5932,256,256,2761
"By JENNIFER MEDINA",1,1014,1014,4,4,53
"By JENNIFER MEDINA and JOSE A. DEL REAL",1,1149,1149,7,7,7
"By JENNIFER MEDINA and THOMAS FULLER",1,1040,1040,65,65,422
"By JENNIFER SCHUESSLER",1,1250,1250,146,146,3768
"By JENNIFER STEINHAUER",3,3473,1157.66666666667,3017,1005.66666666667,68963
"By JENNIFER WEINER",1,1112,1112,382,382,6130
"By JERÉ LONGMAN",1,1525,1525,197,197,2810
"By JEREMY BOWERS",1,710,710,5,5,3
"By JEREMY EGNER",4,4099,1024.75,211,52.75,1127
"By JEREMY GLASS",1,232,232,21,21,118
"By JEREMY GORDON",1,955,955,32,32,93
"By JEREMY W. PETERS",5,6453,1290.6,2636,527.2,58225
"By JEREMY W. PETERS, JO BECKER and JULIE HIRSCHFELD DAVIS",1,1201,1201,2009,2009,40086
"By JEROME PERZIGIAN",1,145,145,7,7,131
"By JESSA CRISPIN",1,859,859,26,26,654
"By JESSE DRUCKER, KATE KELLY and BEN PROTESS",1,1566,1566,365,365,9597
"By JESSE GREEN",7,7283,1040.42857142857,282,40.2857142857143,2599
"By JESSE McKINLEY",4,3968,992,204,51,1645
"By JESSICA CURRY",1,822,822,291,291,9333
"By JESSICA NORDELL",1,1505,1505,136,136,3275
"By JESSICA NUTIK ZITTER",1,1241,1241,132,132,2843
"By JESSICA SILVER-GREENBERG and SHAILA DEWAN",1,3686,3686,368,368,5068
"By JESSICA WOLF",1,1046,1046,40,40,618
"By JESSICA WOZINSKY",1,287,287,7,7,55
"By JESSICA YELLIN",1,916,916,581,581,8685
"By JIAYIN SHEN",1,309,309,39,39,945
"By JILL FILIPOVIC",2,2259,1129.5,968,484,32614
"By JILL HOROWITZ",1,113,113,9,9,79
"By JIM RUTENBERG",5,6245,1249,3331,666.2,97172
"By JIM RUTENBERG and MICHAEL M. GRYNBAUM",1,1032,1032,273,273,5848
"By JIM RUTENBERG and MIKE McINTIRE",1,1332,1332,390,390,16582
"By JIM RUTENBERG and PETER BAKER",1,917,917,375,375,8872
"By JIM RUTENBERG and REBECCA R. RUIZ",1,1556,1556,978,978,30053
"By JIM RUTENBERG, KATE KELLY, JESSICA SILVER-GREENBERG and MIKE McINTIRE",1,1418,1418,404,404,11121
"By JIM SHAHIN",1,574,574,31,31,142
"By JIM TANKERSLEY",4,4689,1172.25,376,94,3229
"By JIM TANKERSLEY and NATALIE KITROEFF",1,1295,1295,24,24,227
"By JOAN NATHAN",1,789,789,58,58,900
"By JOANN FURBANK",1,147,147,6,6,48
"By JOANNA KLEIN",2,1275,637.5,6,3,53
"By JOANNE KAUFMAN",2,3763,1881.5,69,34.5,652
"By JOCHEN BITTNER",3,3257,1085.66666666667,334,111.333333333333,3663
"By JODI KANTOR",3,6182,2060.66666666667,1175,391.666666666667,34528
"By JOE DRAPE",2,1991,995.5,102,51,1199
"By JOEL S.WIT",1,758,758,10,10,11
"By JOHN BRANCH",1,4193,4193,303,303,3093
"By JOHN ELIGON",3,3343,1114.33333333333,284,94.6666666666667,4445
"By JOHN HERRMAN",2,3649,1824.5,68,34,581
"By JOHN HODGMAN",2,315,157.5,9,4.5,52
"By JOHN J. DONOHUE III and MAX SCHOENING",1,856,856,271,271,5333
"By JOHN KERRY",1,1187,1187,301,301,5505
"By JOHN KOBLIN and MICHAEL M. GRYNBAUM",1,1258,1258,214,214,2920
"By JOHN L. DORMAN",3,4489,1496.33333333333,62,20.6666666666667,601
"By JOHN LANCHESTER",2,2744,1372,146,73,946
"By JOHN LELAND",5,4855,971,89,17.8,918
"By JOHN MARKOFF",1,1043,1043,22,22,90
"By JOHN McCAIN and ANGELINA JOLIE",1,834,834,213,213,2628
"By JOHN OTIS",1,538,538,4,4,1
"By JOHN PAUL STEVENS",1,539,539,2927,2927,33528
"By JOHN PRADOS",1,1490,1490,57,57,580
"By JOHN QUIGGIN",1,933,933,307,307,2468
"By JOHN SCHWARTZ",1,1393,1393,16,16,225
"By JOLIE KERR",1,938,938,35,35,389
"By JON CARAMANICA",1,1069,1069,21,21,55
"By JON DRUCKER",1,129,129,3,3,21
"By JON GRINSPAN",1,944,944,172,172,1947
"By JON MOOALLEM",2,16516,8258,921,460.5,20770
"By JON PARELES",1,1378,1378,3,3,2
"By JONAH WEINER",1,3430,3430,6,6,14
"By JONATHAN  WOLFE",1,302,302,5,5,17
"By JONATHAN  WOLFE and ALEXANDRA S. LEVINE",1,1214,1214,6,6,42
"By JONATHAN ALTER",1,1979,1979,754,754,20137
"By JONATHAN BLAUSTEIN",1,703,703,4,4,6
"By JONATHAN MARTIN",1,897,897,599,599,14713
"By JONATHAN MARTIN and ALAN BLINDER",1,1168,1168,68,68,1253
"By JONATHAN MARTIN and ALEXANDER BURNS",6,8746,1457.66666666667,4539,756.5,100854
"By JONATHAN WOLFE",24,29313,1221.375,556,23.1666666666667,4067
"By JORDAN G. TEICHER",3,2883,961,9,3,10
"By JORDAN RICE",1,227,227,3,3,6
"By JORGE G. CASTAÑEDA",1,938,938,329,329,4846
"By JOSE A. DEL REAL",4,4334,1083.5,266,66.5,4032
"By JOSE A. DEL REAL and THOMAS FULLER",1,1120,1120,13,13,23
"By JOSEPH GOLDSTEIN",2,6327,3163.5,157,78.5,1675
"By JOSH BIVENS",1,783,783,431,431,3130
"By JOSHUA M. BERNSTEIN",1,1288,1288,153,153,670
"By JOSHUA ZEITZ",1,1598,1598,128,128,1471
"By JOY PRESS",1,1342,1342,11,11,27
"By JUDGE JOHN HODGMAN",1,155,155,7,7,23
"By JUDITH WARNER",6,4843,807.166666666667,344,57.3333333333333,2042
"By JUDY BERMAN",4,4550,1137.5,64,16,149
"By JULIA LANSFORD",1,146,146,6,6,36
"By JULIA MOSKIN",3,4714,1571.33333333333,244,81.3333333333333,1489
"By JULIA SCOTT",1,937,937,22,22,219
"By JULIE BOSMAN",1,1406,1406,32,32,378
"By JULIE BOSMAN and MITCH SMITH",1,1451,1451,330,330,6270
"By JULIE BOSMAN and MONICA DAVEY",1,1529,1529,67,67,1729
"By JULIE FARKAS",1,169,169,5,5,57
"By JULIE HIRSCHFELD DAVIS",2,2903,1451.5,2843,1421.5,75406
"By JULIE HIRSCHFELD DAVIS and ERIC SCHMITT",1,677,677,438,438,9712
"By JULIE HIRSCHFELD DAVIS and FRANCES ROBLES",1,1434,1434,277,277,5855
"By JULIE HIRSCHFELD DAVIS and MARK LANDLER",1,1452,1452,1752,1752,33096
"By JULIE HIRSCHFELD DAVIS and MICHAEL D. SHEAR",1,1635,1635,800,800,14858
"By JULIE HIRSCHFELD DAVIS and MICHAEL M. GRYNBAUM",1,1613,1613,6028,6028,170132
"By JULIE HIRSCHFELD DAVIS, MAGGIE HABERMAN, MICHAEL D. SHEAR and KATIE ROGERS",1,1310,1310,366,366,8446
"By JULIE HIRSCHFELD DAVIS, MICHAEL D. SHEAR and PETER BAKER",1,1511,1511,1114,1114,20363
"By JULIE LASKY",6,6054,1009,89,14.8333333333333,589
"By JULIE TURKEWITZ",3,2928,976,433,144.333333333333,7835
"By JULIET MACUR",9,11233,1248.11111111111,1451,161.222222222222,19123
"By JUSTIN BANK",1,652,652,5,5,93
"By JUSTIN BERGMAN",1,2501,2501,13,13,39
"By JUSTIN GILLIS",1,1343,1343,1028,1028,9405
"By JUSTIN WILSON",1,141,141,9,9,94
"By JUSTIN WOLFERS",3,2393,797.666666666667,559,186.333333333333,16233
"By KALLE OSKARI MATTILA",1,241,241,5,5,38
"By KARA CHIN",1,866,866,6,6,8
"By KAREN CROUSE",3,3321,1107,276,92,8064
"By KAREN ROUSE",1,1257,1257,35,35,323
"By KAREN STABINER",1,1883,1883,18,18,300
"By KAREN STOHR",1,1397,1397,522,522,7471
"By KAREN WEINTRAUB",1,856,856,5,5,82
"By KARL MARLANTES",1,1884,1884,702,702,9208
"By KAROLINE KAN",2,1727,863.5,22,11,56
"By KASHANA CAULEY",1,684,684,253,253,2720
"By KATE KELLY",1,1161,1161,49,49,611
"By KATE KELLY and MAGGIE HABERMAN",1,1731,1731,1014,1014,26257
"By KATE MURPHY",3,3414,1138,474,158,7856
"By KATE TAYLOR",2,3019,1509.5,202,101,2454
"By KATE ZERNIKE and YAMICHE ALCINDOR",1,928,928,521,521,12359
"By KATHERINE SCHULTEN",42,11050,263.095238095238,1302,31,314
"By KATHERINE SCHULTEN and AMANDA CHRISTY BROWN",1,2817,2817,9,9,2
"By KATHRYN CURTO and MICHAEL GONCHAR",1,3241,3241,4,4,2
"By KATIE BENNER",1,2150,2150,8,8,39
"By KATIE BENNER and JENNIFER MEDINA",1,1264,1264,673,673,17376
"By KATIE BENNER, MATT APUZZO and ADAM GOLDMAN",1,1314,1314,558,558,16528
"By KATIE ROGERS",3,3146,1048.66666666667,1311,437,46864
"By KATIE ROGERS and EILEEN SULLIVAN",1,924,924,774,774,12662
"By KATIE ROGERS and ELIZABETH WILLIAMSON",1,1843,1843,179,179,3700
"By KATIE ROGERS and JIM TANKERSLEY",1,1170,1170,25,25,102
"By KATIE ROGERS and MAGGIE HABERMAN",2,2648,1324,641,320.5,26723
"By KATIE ROGERS and PETER BAKER",1,1560,1560,174,174,1378
"By KATIE THOMAS and REED ABELSON",1,1255,1255,431,431,9593
"By KATIE VAN SYCKLE",1,611,611,1,1,3
"By KATRIN BENNHOLD",1,1765,1765,74,74,629
"By KATY WALDMAN",1,2248,2248,43,43,561
"By KAYA GENC",1,1082,1082,1,1,18
"By KAYA LATERMAN",1,2440,2440,66,66,504
"By KEITH O'BRIEN",1,2283,2283,22,22,122
"By KELLY VIRELLA and JOSEPHINE SEDGWICK",1,1579,1579,82,82,635
"By KEN BELSON",5,7227,1445.4,377,75.4,3140
"By KENDRA PIERRE-LOUIS",1,831,831,90,90,450
"By KENNETH CHANG",3,3003,1001,604,201.333333333333,5599
"By KENNETH P. VOGEL",1,1512,1512,17,17,125
"By KENNETH P. VOGEL and DAVID D. KIRKPATRICK",1,2159,2159,302,302,5939
"By KERRI QUINN",1,284,284,29,29,255
"By KERRY HANNON",1,1653,1653,277,277,7386
"By KEVIN BAKER",1,1830,1830,347,347,11607
"By KEVIN CAREY",4,4363,1090.75,730,182.5,19155
"By KEVIN DRAPER",1,1972,1972,17,17,108
"By KEVIN MCCARTHY",1,397,397,118,118,856
"By KEVIN ROOSE",4,6138,1534.5,641,160.25,8204
"By KEVIN ROOSE and SHEERA FRENKEL",2,3614,1807,260,130,2471
"By KHALIL GIBRAN MUHAMMAD",1,1312,1312,275,275,2234
"By KIM SEVERSON",6,8331,1388.5,1089,181.5,17512
"By KIM SEVERSON and MARIAN BURROS",1,1698,1698,137,137,2916
"By KIM TINGLEY",1,4612,4612,27,27,82
"By KIM VELSEY",1,916,916,41,41,584
"By KIMIKO de FREYTAS-TAMURA",1,892,892,152,152,1937
"By KIRK JOHNSON",2,2335,1167.5,388,194,5737
"By KIRK SEMPLE",2,3142,1571,91,45.5,1341
"By KIRK SEMPLE and ELISABETH MALKIN",1,1399,1399,147,147,1526
"By KIRK SEMPLE, BEN PROTESS and STEVE EDER",1,1767,1767,399,399,16234
"By KRISTA BURTON",1,885,885,89,89,1217
"By KWAME ANTHONY APPIAH",11,14713,1337.54545454545,913,83,16493
"By KYLE DROPP and BRENDAN NYHAN",2,1252,626,508,254,12594
"By KYLE LONGLEY",1,1342,1342,254,254,3838
"By LAIRD HUNT",1,960,960,36,36,351
"By LANDON THOMAS Jr",1,979,979,123,123,1273
"By LARA TAKENAGA",1,860,860,10,10,26
"By LARISSA ZIMBEROFF",1,1119,1119,46,46,295
"By LARRY FERLAZZO",1,1903,1903,2,2,0
"By LARRY ROHTER",1,1347,1347,2,2,4
"By LAURA COLLINS-HUGHES",6,4459,743.166666666667,90,15,418
"By LAURA DILLON",1,236,236,4,4,20
"By LAURA PAPPANO",1,1971,1971,267,267,3211
"By LAURA TAVARES",1,3351,3351,11,11,43
"By LAUREN ENRIQUEZ",1,797,797,735,735,38680
"By LAUREN KNAPP",1,435,435,143,143,752
"By LAUREN PEACE",1,757,757,53,53,5440
"By LAURENCE BUTET-ROCH",1,750,750,3,3,4
"By LAURENCE STEINBERG",1,788,788,673,673,4906
"By LAURIE GOODSTEIN",1,1850,1850,46,46,512
"By LAURIE GOODSTEIN and MICHAEL D. SHEAR",1,1184,1184,47,47,548
"By LAURIE SHRAGE",1,1483,1483,489,489,6662
"By LAWRENCE OSBORNE",1,2644,2644,62,62,569
"By LEIGH-ANN JACKSON",2,2556,1278,5,2.5,13
"By LELA MOORE",3,3195,1065,12,4,15
"By LEON BOTSTEIN",1,823,823,608,608,6337
"By LEONARD DOWNIE JR",1,710,710,716,716,15157
"By LEONARD MLODINOW",1,891,891,107,107,1951
"By LESLEY ALDERMAN",1,963,963,249,249,4927
"By LESLIE JAMISON",1,6067,6067,242,242,2112
"By LIAM STACK",1,931,931,89,89,4622
"By LIEN-HANG NGUYEN",1,1531,1531,65,65,704
"By LIGAYA MISHAN",14,12067,861.928571428571,152,10.8571428571429,907
"By LINDA GREENHOUSE",7,9762,1394.57142857143,1522,217.428571428571,25833
"By LINDA QIU",3,3026,1008.66666666667,271,90.3333333333333,2601
"By LINDY WEST",1,1182,1182,485,485,10714
"By LISA DAMOUR",3,2988,996,127,42.3333333333333,932
"By LISA FRIEDMAN",1,1312,1312,33,33,338
"By LISA PREVOST",1,956,956,10,10,34
"By LISA RANDALL",1,940,940,301,301,4590
"By LISA SANDERS, M.D",5,6695,1339,188,37.6,3813
"By LISA SOLOD",1,1096,1096,109,109,1685
"By LISA W. FODERARO",3,3945,1315,177,59,2322
"By LIZ ALDERMAN",1,2032,2032,255,255,2103
"By LIZ LONGLEY",1,83,83,1,1,4
"By LIZ ROBBINS",2,2308,1154,21,10.5,59
"By LIZ ROBBINS and ANNIE CORREAL",1,1214,1214,446,446,7241
"By LIZ SPAYD",14,12933,923.785714285714,2785,198.928571428571,38867
"By LIZ SPAYD with EVAN GERSHKOVICH",9,15494,1721.55555555556,617,68.5555555555556,3838
"By LIZ TRACY",1,889,889,222,222,3710
"By LIZETTE ALVAREZ, JESS BIDGOOD, MITCH SMITH and SABRINA TAVERNISE",1,1318,1318,1022,1022,23273
"By LIZZ SCHUMER",1,1215,1215,12,12,92
"By LONNIE ALI",1,843,843,140,140,1183
"By LORI ADELMAN",1,1096,1096,336,336,6174
"By LUCAS PETERSON",2,3551,1775.5,90,45,369
"By LUDOVIC HUNTER-TILNEY",1,1207,1207,9,9,64
"By LUIS FERRÉ-SADURNÍ",1,1816,1816,10,10,109
"By LUIS FERRÉ-SADURNÍ and CHRISTOPHER GREGORY",1,2453,2453,75,75,2131
"By LUO SILING",1,1072,1072,5,5,5
"By LYNN MURPHY",1,124,124,5,5,93
"By LYNN RANDOLPH",1,823,823,20,20,280
"By LYNN VAVRECK",2,2015,1007.5,264,132,2574
"By MAGGIE HABERMAN",2,1975,987.5,588,294,12144
"By MAGGIE HABERMAN and ADAM GOLDMAN",1,869,869,265,265,4988
"By MAGGIE HABERMAN and GLENN THRUSH",1,1257,1257,223,223,4358
"By MAGGIE HABERMAN and MICHAEL S. SCHMIDT",1,682,682,719,719,14429
"By MAGGIE HABERMAN and NICHOLAS FANDOS",1,1173,1173,45,45,211
"By MAGGIE HABERMAN, KATE KELLY and JIM TANKERSLEY",1,1421,1421,308,308,7324
"By MAGGIE HABERMAN, MATTHEW ROSENBERG, MATT APUZZO and GLENN THRUSH",1,1745,1745,1236,1236,27157
"By MAGGIE HASSAN",1,780,780,555,555,9534
"By MAIA MCCORMICK",1,201,201,16,16,173
"By MALIA WOLLAN",1,392,392,3,3,3
"By MALLORY PASSUITE",1,225,225,13,13,153
"By MANNY FERNANDEZ",1,1027,1027,110,110,686
"By MANNY FERNANDEZ and JONATHAN MARTIN",1,827,827,36,36,622
"By MANNY FERNANDEZ, ADAM GOLDMAN and DAVE MONTGOMERY",1,1582,1582,962,962,32403
"By MANNY FERNANDEZ, CAITLIN DICKERSON and DAVE MONTGOMERY",1,1649,1649,76,76,1401
"By MANNY FERNANDEZ, SERGE F. KOVALESKI and JOHN ISMAY",1,1755,1755,207,207,5510
"By MANNY FERNANDEZ, STEPHANIE SAUL and JACK HEALY",1,1176,1176,9,9,126
"By MANOHLA DARGIS",7,5401,771.571428571429,293,41.8571428571429,2149
"By MARC SANTORA",2,2479,1239.5,30,15,160
"By MARC TRACY",8,8790,1098.75,330,41.25,3930
"By MARCELLE SUSSMAN FISCHLER",1,1252,1252,14,14,43
"By MARCIA LONGMAN",1,157,157,12,12,275
"By MARCO RUBIO",1,862,862,238,238,2730
"By MARGARET COKER",1,1123,1123,7,7,15
"By MARGARET RENKL",3,2709,903,866,288.666666666667,11893
"By MARGAUX LASKEY",1,454,454,39,39,205
"By MARGOT SANGER-KATZ",15,14539,969.266666666667,2859,190.6,57394
"By MARIE TAE McDERMOTT",2,2411,1205.5,47,23.5,267
"By MARK ATWOOD LAWRENCE",1,1200,1200,30,30,126
"By MARK BINELLI",1,6708,6708,83,83,746
"By MARK K. UPDEGROVE",1,1370,1370,18,18,115
"By MARK LANDLER",6,9716,1619.33333333333,4338,723,80838
"By MARK LANDLER and ALAN RAPPEPORT",1,1639,1639,138,138,835
"By MARK LANDLER and DAVID E. SANGER",1,1241,1241,44,44,163
"By MARK LANDLER and ERIC LICHTBLAU",1,1660,1660,2309,2309,71139
"By MARK LANDLER and JIM TANKERSLEY",1,1320,1320,582,582,5972
"By MARK LANDLER and JULIE HIRSCHFELD DAVIS",1,1166,1166,1167,1167,66487
"By MARK LANDLER and LAURIE GOODSTEIN",1,1301,1301,2127,2127,47824
"By MARK LANDLER and MAGGIE HABERMAN",2,2721,1360.5,1995,997.5,57628
"By MARK LANDLER and MICHAEL FORSYTHE",1,1423,1423,264,264,3355
"By MARK LANDLER, MAGGIE HABERMAN and GARDINER HARRIS",1,1656,1656,575,575,9968
"By MARK LANDLER, PETER BAKER and DAVID E. SANGER",1,1468,1468,487,487,5293
"By MARK MAZZETTI",1,780,780,398,398,14740
"By MARK MAZZETTI, DAVID D. KIRKPATRICK and ADAM GOLDMAN",1,1330,1330,50,50,1294
"By MARK O'CONNELL",1,6777,6777,119,119,679
"By MARSH CARTER",1,1094,1094,136,136,1428
"By MARTIN HERBACH",2,1360,680,118,59,212
"By MARTIN S. FELDSTEIN, TED HALSTEAD and N. GREGORY MANKIW",1,812,812,486,486,3970
"By MARTIN SELSOE SORENSEN",1,686,686,2,2,1
"By MASHA GESSEN",1,1266,1266,255,255,2770
"By MASHA GESSEN and MARTINA NAVRATILOVA",1,1235,1235,274,274,6833
"By MATT APUZZO",3,4306,1435.33333333333,877,292.333333333333,14200
"By MATT APUZZO and ADAM GOLDMAN",2,2118,1059,1122,561,37529
"By MATT APUZZO, ERIC LICHTBLAU and EMMARIE HUETTEMAN",1,1680,1680,565,565,9243
"By MATT FLEGENHEIMER",4,3992,998,4959,1239.75,150488
"By MATT FLEGENHEIMER and JESS BIDGOOD",1,1492,1492,386,386,5018
"By MATT FLEGENHEIMER and SCOTT SHANE",2,2386,1193,2436,1218,68188
"By MATT FLEGENHEIMER and THOMAS KAPLAN",2,2172,1086,542,271,12399
"By MATT FLEGENHEIMER, REBECCA R. RUIZ and KATIE VAN SYCKLE",1,2106,2106,1161,1161,47337
"By MATT FOGELSON",1,974,974,29,29,115
"By MATT PHILLIPS",1,957,957,24,24,175
"By MATT RICHTEL",1,915,915,13,13,49
"By MATT STEVENS",2,1827,913.5,36,18,211
"By MATT UFFORD",1,1496,1496,198,198,2490
"By MATTATHIAS SCHWARTZ",1,7134,7134,74,74,480
"By MATTHEW GREEN",1,2990,2990,1,1,0
"By MATTHEW HAAG and JACEY FORTIN",1,594,594,272,272,16765
"By MATTHEW J. GOODWIN",1,1291,1291,138,138,1151
"By MATTHEW ROSENBERG",4,4419,1104.75,1904,476,50527
"By MATTHEW ROSENBERG and SHEERA FRENKEL",1,1292,1292,321,321,2550
"By MATTHEW ROSENBERG, ADAM GOLDMAN and MICHAEL S. SCHMIDT",1,2232,2232,2763,2763,91945
"By MATTHEW ROSENBERG, NICHOLAS CONFESSORE and CAROLE CADWALLADR",1,2794,2794,1544,1544,45149
"By MAUREEN DOWD",13,12163,935.615384615385,6950,534.615384615385,333405
"By MAURICE BERGER",4,3922,980.5,55,13.75,593
"By MAX BOOT",1,884,884,955,955,21577
"By MAX CEA",1,199,199,9,9,44
"By MAXIMILIEN VAN AERTRYCK and AXEL DANIELSON",1,338,338,276,276,1923
"By MAYA SALAM",2,2468,1234,23,11.5,377
"By MEADOW RUE MERRILL",1,1171,1171,18,18,220
"By MEGAN MADDEN",1,173,173,11,11,68
"By MEGAN NIX",1,1103,1103,88,88,1750
"By MEGAN SPECIA",1,1405,1405,19,19,48
"By MEGAN TWOHEY and SCOTT SHANE",1,1727,1727,785,785,20328
"By MEGAN WILD",1,743,743,81,81,802
"By MEGHAN MORAVCIK WALBERT",2,1698,849,92,46,1381
"By MEKADO MURPHY",1,536,536,10,10,37
"By MELENA RYZIK",2,3396,1698,207,103.5,3157
"By MELISSA BLAKE",1,1090,1090,132,132,4820
"By MELISSA CLARK",12,6772,564.333333333333,733,61.0833333333333,4353
"By MELISSA DEPINO and ELIZABETH LABAN",1,1007,1007,32,32,289
"By MELISSA EDDY",1,1251,1251,43,43,358
"By MICHAEL BARBARO",9,3743,415.888888888889,66,7.33333333333333,317
"By MICHAEL BRENES",1,1621,1621,431,431,4168
"By MICHAEL COOPER",2,2243,1121.5,467,233.5,9692
"By MICHAEL CORKERY",2,2689,1344.5,273,136.5,4154
"By MICHAEL D. SHEAR",1,1841,1841,658,658,10909
"By MICHAEL D. SHEAR and ADAM LIPTAK",1,1338,1338,740,740,15894
"By MICHAEL D. SHEAR and ALAN RAPPEPORT",1,1227,1227,48,48,232
"By MICHAEL D. SHEAR and DAVID E. SANGER",1,1606,1606,1494,1494,65438
"By MICHAEL D. SHEAR and EMMARIE HUETTEMAN",1,940,940,2137,2137,39461
"By MICHAEL D. SHEAR and ERIC LICHTBLAU",1,1412,1412,140,140,1694
"By MICHAEL D. SHEAR and JENNIFER STEINHAUER",1,1409,1409,387,387,5061
"By MICHAEL D. SHEAR and MAGGIE HABERMAN",5,5955,1191,2771,554.2,75669
"By MICHAEL D. SHEAR and MICHAEL S. SCHMIDT",1,2241,2241,3241,3241,101628
"By MICHAEL D. SHEAR and PETER BAKER",1,1236,1236,234,234,3392
"By MICHAEL D. SHEAR and RON NIXON",2,2528,1264,4212,2106,74637
"By MICHAEL D. SHEAR and SHERYL GAY STOLBERG",1,1404,1404,1233,1233,24788
"By MICHAEL D. SHEAR and YAMICHE ALCINDOR",1,3678,3678,435,435,6883
"By MICHAEL D. SHEAR, BINYAMIN APPELBAUM and ALAN RAPPEPORT",1,1350,1350,2202,2202,54543
"By MICHAEL D. SHEAR, HELENE COOPER and JONATHAN WEISMAN",1,2106,2106,1,1,0
"By MICHAEL D. SHEAR, MARK LANDLER, MATT APUZZO and ERIC LICHTBLAU",1,1186,1186,3936,3936,118876
"By MICHAEL D. SHEAR, NICHOLAS KULISH and ALAN FEUER",1,2028,2028,5135,5135,153332
"By MICHAEL D. SHEAR, NICK WINGFIELD and CECILIA KANG",1,1403,1403,1090,1090,25897
"By MICHAEL D. SHEAR, SHERYL GAY STOLBERG and THOMAS KAPLAN",1,1217,1217,800,800,15560
"By MICHAEL ERIC DYSON",1,1422,1422,265,265,3490
"By MICHAEL FORSYTHE",1,534,534,55,55,669
"By MICHAEL G. MULLEN",1,806,806,478,478,17789
"By MICHAEL GOLD",1,724,724,24,24,217
"By MICHAEL GONCHAR",19,18542,975.894736842105,642,33.7894736842105,37
"By MICHAEL GONCHAR and KATHERINE SCHULTEN",1,2401,2401,2,2,0
"By MICHAEL GREENBERG",1,1796,1796,10,10,13
"By MICHAEL GREENSTONE",1,1016,1016,72,72,270
"By MICHAEL H. QUINT",1,233,233,9,9,29
"By MICHAEL J. de la MERCED",1,1091,1091,11,11,14
"By MICHAEL J. MORELL",1,878,878,599,599,13113
"By MICHAEL KIMMELMAN",1,1531,1531,73,73,1032
"By MICHAEL KOLOMATSKY",3,610,203.333333333333,37,12.3333333333333,104
"By MICHAEL M. GRYNBAUM",1,1115,1115,389,389,15688
"By MICHAEL M. GRYNBAUM and JOHN HERRMAN",1,1522,1522,129,129,1133
"By MICHAEL MORITZ",1,857,857,255,255,3268
"By MICHAEL MUNGER",1,1166,1166,32,32,248
"By MICHAEL NELSON",1,1525,1525,99,99,692
"By MICHAEL PAULSON",1,1370,1370,340,340,3927
"By MICHAEL POWELL",6,11178,1863,391,65.1666666666667,3295
"By MICHAEL R. GORDON and ERIC SCHMITT",1,1277,1277,359,359,2510
"By MICHAEL S. SCHMIDT and MAGGIE HABERMAN",5,6183,1236.6,3571,714.2,109888
"By MICHAEL S. SCHMIDT, JO BECKER, MARK MAZZETTI, MAGGIE HABERMAN and ADAM GOLDMAN",1,1522,1522,680,680,17218
"By MICHAEL S. SCHMIDT, MARK MAZZETTI and MATT APUZZO",1,1335,1335,3510,3510,117522
"By MICHAEL S. SCHMIDT, NICK CORASANITI and MATT FLEGENHEIMER",1,941,941,45,45,380
"By MICHAEL SCHWIRTZ",2,1467,733.5,215,107.5,1870
"By MICHAEL SNYDER",1,1799,1799,4,4,3
"By MICHAEL WINES and EMILY BAUMGAERTNER",1,1281,1281,413,413,3266
"By MICHELINE MAYNARD",1,1951,1951,6,6,15
"By MICHELLE DEAN",1,1585,1585,2,2,10
"By MICHELLE GALANTER",1,66,66,6,6,13
"By MICHELLE GOLDBERG",10,10577,1057.7,4920,492,141555
"By MICHELLE HIGGINS",2,2723,1361.5,45,22.5,400
"By MICHIKO KAKUTANI",2,3006,1503,799,399.5,32883
"By MIKE HALE",7,8527,1218.14285714286,511,73,3304
"By MIKE ISAAC",3,4224,1408,971,323.666666666667,20369
"By MIKE IVES",3,3186,1062,49,16.3333333333333,167
"By MIKE IVES and RYAN MCMORROW",1,482,482,39,39,193
"By MIKE McPHATE and JESS BIDGOOD",1,1275,1275,250,250,2616
"By MIKKAEL A. SEKERES, M.D. and TIMOTHY D. GILLIGAN, M.D",1,968,968,287,287,4335
"By MILAN SCHREUER",1,942,942,460,460,7934
"By MIREYA NAVARRO",1,1957,1957,31,31,246
"By MIRIAM JORDAN",2,2682,1341,197,98.5,4989
"By MIRIAM JORDAN and JENNIFER MEDINA",1,1296,1296,155,155,2325
"By MISHA FRIEDMAN",1,478,478,85,85,1267
"By MITCH SMITH and MICHAEL WINES",1,1329,1329,574,574,10884
"By MOHAMMED ELSHAMY",1,880,880,1,1,1
"By MOISES VELASQUEZ-MANOFF",2,3041,1520.5,411,205.5,5506
"By MOLLY LAMBERT",1,709,709,4,4,8
"By MOLLY YOUNG",1,922,922,4,4,3
"By MONA ELTAHAWY",1,901,901,261,261,3322
"By MONICA DAVEY",1,1316,1316,573,573,12106
"By MONICA DRAKE",1,1521,1521,30,30,225
"By MOTOKO RICH",3,3265,1088.33333333333,38,12.6666666666667,177
"By N. R. KLEINFIELD",1,1452,1452,65,65,483
"By NADIA SHIRA COHEN",1,700,700,19,19,139
"By NANCY HASS",1,2173,2173,6,6,33
"By NAOMI KLEIN",1,940,940,385,385,6193
"By NATALIE KITROEFF",1,1229,1229,96,96,774
"By NATALIE KITROEFF and ANA SWANSON",1,1287,1287,686,686,13958
"By NATALIE PROULX",28,7210,257.5,802,28.6428571428571,239
"By NATALIE RINN",1,1465,1465,4,4,3
"By NATASHA LENNARD and CARY WOLFE",1,2125,2125,177,177,1019
"By NATASHA SINGER",1,1252,1252,2,2,6
"By NATE COHN",7,7420,1060,515,73.5714285714286,8927
"By NATE COHN and JOSH KATZ",1,1922,1922,61,61,449
"By NATHANIEL RICH",1,6602,6602,223,223,5977
"By NEAL E. BOUDETTE",1,1184,1184,167,167,2513
"By NEIL GENZLINGER",3,1400,466.666666666667,28,9.33333333333333,229
"By NEIL GOUGH",1,1373,1373,170,170,1503
"By NEIL IRWIN",26,27559,1059.96153846154,4013,154.346153846154,49726
"By NEIL MacFARQUHAR",3,3991,1330.33333333333,136,45.3333333333333,606
"By NEIL MacFARQUHAR and DAVID E. SANGER",1,1510,1510,673,673,4876
"By NELLIE BOWLES",1,1800,1800,208,208,6958
"By NICHOLAS BAKALAR",36,8693,241.472222222222,1006,27.9444444444444,8197
"By NICHOLAS BUCCOLA",1,1280,1280,91,91,658
"By NICHOLAS CONFESSORE and MATTHEW ROSENBERG",1,1091,1091,231,231,5772
"By NICHOLAS FANDOS",4,4428,1107,2122,530.5,58306
"By NICHOLAS FANDOS and MAGGIE HABERMAN",1,1489,1489,513,513,11465
"By NICHOLAS KRISTOF",30,24611,820.366666666667,13730,457.666666666667,275111
"By NICHOLAS KRISTOF and LYNSEY ADDARIO",1,1114,1114,143,143,1412
"By NICHOLAS KULISH, CAITLIN DICKERSON and CHARLIE SAVAGE",1,1179,1179,330,330,5312
"By NICHOLAS KULISH, CAITLIN DICKERSON and RON NIXON",1,1430,1430,952,952,18030
"By NICHOLAS ST. FLEUR",1,622,622,33,33,194
"By NICK CORASANITI",1,598,598,90,90,976
"By NICK CZAP",1,1138,1138,89,89,534
"By NICK WINGFIELD",2,2169,1084.5,257,128.5,3023
"By NICOLE LAMY",3,2264,754.666666666667,17,5.66666666666667,42
"By NICOLE PERLROTH and CLIFFORD KRAUSS",1,1555,1555,61,61,452
"By NICOLE PERLROTH and DAVID E. SANGER",1,1409,1409,808,808,10128
"By NICOLE PERLROTH, SHEERA FRENKEL and SCOTT SHANE",1,1490,1490,1374,1374,38161
"By NICOLE PHILLIP",2,844,422,5,2.5,3
"By NIKITA STEWART",1,1310,1310,39,39,312
"By NIKOLE HANNAH-JONES",1,1525,1525,292,292,3196
"By NINA SIEGAL",1,1135,1135,23,23,327
"By NOAH GALLAGHER SHANNON",1,888,888,5,5,21
"By NOAM COHEN",1,1342,1342,377,377,5313
"By NOAM SCHEIBER",3,4136,1378.66666666667,172,57.3333333333333,3555
"By NOEL MURRAY",1,1415,1415,86,86,1043
"By NORA GLIKMAN",1,76,76,2,2,3
"By NORIMITSU ONISHI",1,802,802,19,19,125
"By NORMAN J. ORNSTEIN",1,1130,1130,573,573,12276
"By NORMAN L. EISEN and BANDY X. LEE",1,1196,1196,394,394,8657
"By ONA GRITZ",1,1531,1531,40,40,1357
"By OWEN GUO",1,846,846,70,70,256
"By PAGAN KENNEDY",2,3340,1670,747,373.5,15996
"By PAMELA BARR",1,40,40,4,4,25
"By PAMELA DRUCKERMAN",1,1244,1244,12,12,124
"By PANKAJ MISHRA and LESLIE JAMISON",1,1523,1523,12,12,6
"By PAOLA BENEFO",1,895,895,304,304,6849
"By PAT BORZI",1,1105,1105,93,93,545
"By PATRICIA COHEN",4,4272,1068,869,217.25,14793
"By PATRICIA FIELDSTEEL",1,303,303,10,10,48
"By PATRICIA LEIGH BROWN",2,4508,2254,149,74.5,2098
"By PATRICIA MAZZEI",3,4130,1376.66666666667,839,279.666666666667,15201
"By PATRICIA MAZZEI and ADAM GOLDMAN",1,1196,1196,76,76,787
"By PATRICIA MAZZEI and ELIZABETH A. HARRIS",1,1777,1777,162,162,2616
"By PATRICIA MAZZEI, FRANCES ROBLES and CAITLIN DICKERSON",1,823,823,277,277,7236
"By PATRICIA MAZZEI, NICK MADIGAN and ANEMONA HARTOCOLLIS",1,1417,1417,273,273,7381
"By PATRICK HEALY",1,1606,1606,1173,1173,29757
"By PATRICK KINGSLEY",1,2171,2171,89,89,929
"By PATRICK McGEEHAN",6,5111,851.833333333333,647,107.833333333333,8658
"By PATRICK PHELAN",1,687,687,34,34,34
"By PATRICK SYMMES",1,4196,4196,73,73,904
"By PAUL ELIE",1,1108,1108,69,69,1175
"By PAUL KRUGMAN",41,32857,801.390243902439,19486,475.268292682927,581528
"By PAUL R. PILLAR",1,791,791,128,128,1978
"By PAUL SULLIVAN",1,2400,2400,15,15,260
"By PAULA SPAN",8,9859,1232.375,2327,290.875,44710
"By PERRI KLASS, M.D",11,12193,1108.45454545455,651,59.1818181818182,8208
"By PETE WELLS",13,15161,1166.23076923077,622,47.8461538461538,4671
"By PETER BAKER",7,10181,1454.42857142857,10152,1450.28571428571,260838
"By PETER BAKER and ANA SWANSON",1,1951,1951,718,718,13819
"By PETER BAKER and CHOE SANG-HUN",1,2624,2624,765,765,8877
"By PETER BAKER and CORAL DAVENPORT",1,1363,1363,508,508,6769
"By PETER BAKER and DAVID M. HALBFINGER",1,1446,1446,328,328,4727
"By PETER BAKER and JULIE HIRSCHFELD DAVIS",1,1461,1461,935,935,27863
"By PETER BAKER and MAGGIE HABERMAN",1,1260,1260,169,169,2780
"By PETER BAKER and MARK LANDLER",1,1389,1389,826,826,12364
"By PETER BAKER and MICHAEL D. SHEAR",2,2806,1403,2942,1471,60797
"By PETER BAKER and MICHAEL R. GORDON",1,1293,1293,249,249,2796
"By PETER BAKER, GARDINER HARRIS and MARK LANDLER",1,2105,2105,1868,1868,45165
"By PETER BAKER, GLENN THRUSH and MAGGIE HABERMAN",1,1316,1316,1871,1871,60128
"By PETER BAKER, GLENN THRUSH, MAGGIE HABERMAN, ADAM GOLDMAN and JULIE HIRSCHFELD DAVIS",1,2071,2071,1268,1268,41665
"By PETER E. ROSENBLATT",1,313,313,14,14,119
"By PETER KAMINSKY",1,1642,1642,34,34,161
"By PETER KUJAWINSKI",2,5137,2568.5,310,155,3306
"By PETER MEYER and THE LEARNING NETWORK",1,1572,1572,2,2,0
"By PETER PRATO and SONNER KEHRT",1,727,727,36,36,467
"By PETER S. GOODMAN",3,4110,1370,603,201,6439
"By PHIL KLAY",1,2096,2096,310,310,6251
"By PHOEBE ROBINSON",1,1555,1555,19,19,94
"By POLLY BIJUR",1,266,266,12,12,77
"By PRIYA KRISHNA",1,1924,1924,34,34,185
"By PUI-WING TAM and JOSE A. DEL REAL",1,1004,1004,12,12,48
"By QUENTIN HARDY",1,600,600,70,70,463
"By QUOCTRUNG BUI",1,809,809,630,630,12081
"By RACHEL CUSK",1,6158,6158,391,391,9780
"By RACHEL L. SWARNS and DARCY EVELEIGH",1,680,680,33,33,498
"By RACHEL RABKIN PEACHMAN",3,3406,1135.33333333333,107,35.6666666666667,588
"By RACHEL SHTEIR",1,1267,1267,6,6,18
"By RACHEL WHARTON",2,2559,1279.5,52,26,156
"By RACHELLE BERGSTEIN",1,743,743,38,38,387
"By RAFIQ EBRAHIM",1,881,881,31,31,503
"By RALPH REINERTSEN",1,179,179,18,18,68
"By RALPH RICHARD BANKS",1,821,821,406,406,4107
"By RAMONA S. DIAZ",1,368,368,56,56,874
"By RANDI HUTTER EPSTEIN",1,1091,1091,59,59,391
"By RAPHAEL MINDER",2,2336,1168,14,7,29
"By RAY GLIER",1,1166,1166,73,73,485
"By RAY STARMAN",1,283,283,20,20,128
"By REBECCA R. RUIZ",1,1463,1463,52,52,392
"By REBECCA R. RUIZ and MATT STEVENS",1,613,613,231,231,7596
"By REED ABELSON and MARGOT SANGER-KATZ",1,1106,1106,48,48,912
"By REGGIE UGWU",3,3528,1176,152,50.6666666666667,1115
"By REIF LARSEN",1,2427,2427,129,129,625
"By REMY TUMIN",1,728,728,14,14,40
"By RENA SILVERMAN",2,1476,738,11,5.5,69
"By RIA TABACCO MAR",1,847,847,280,280,5410
"By RICH MONAHAN",1,1188,1188,151,151,2295
"By RICHARD A. ARENBERG",1,839,839,201,201,1560
"By RICHARD A. FRIEDMAN",1,882,882,1774,1774,24760
"By RICHARD A. OPPEL Jr",1,1043,1043,83,83,1285
"By RICHARD CONNIFF",1,1171,1171,24,24,1629
"By RICHARD FAUSSET",1,1521,1521,337,337,3882
"By RICHARD FAUSSET and ALAN BLINDER",1,1189,1189,203,203,2085
"By RICHARD GOLDSTEIN",1,1199,1199,81,81,1246
"By RICHARD H. THALER",1,1254,1254,50,50,326
"By RICHARD KLASCO, M.D",4,1542,385.5,70,17.5,831
"By RICHARD PÉREZ-PEÑA",3,3635,1211.66666666667,1047,349,22716
"By RICHARD PÉREZ-PEÑA and PRASHANT S. RAO",1,1022,1022,101,101,758
"By RICHARD PÉREZ-PEÑA and STEPHEN CASTLE",1,1649,1649,235,235,2192
"By RICHARD R. RAMPONI",1,168,168,1,1,9
"By RICHARD SANDOMIR",1,1254,1254,20,20,189
"By RICHARD STENGEL",1,1029,1029,275,275,2566
"By RICHARD W. PAINTER",2,1730,865,1123,561.5,50477
"By RICK ROJAS",2,2837,1418.5,184,92,2130
"By RIKHA SHARMA RANI",1,1491,1491,100,100,1012
"By ROB WALKER",1,866,866,10,10,308
"By ROBBY MOOK",1,857,857,582,582,5981
"By ROBERT DALLEK",1,777,777,536,536,8614
"By ROBERT DRAPER",2,9518,4759,307,153.5,5081
"By ROBERT F. WORTH",2,14010,7005,378,189,5061
"By ROBERT GEBELOFF",1,1161,1161,130,130,3285
"By ROBERT H. FRANK",1,993,993,64,64,1070
"By ROBERT J. SHILLER",2,2000,1000,126,63,1186
"By ROBERT LEONARD",2,2268,1134,2062,1031,98352
"By ROBERT PEAR",1,1265,1265,1368,1368,28591
"By ROBERT PEAR and KATE KELLY",1,1185,1185,1092,1092,23002
"By ROBERT PEAR and THOMAS KAPLAN",2,2694,1347,1016,508,41670
"By ROBERT SIMONSON",1,708,708,3,3,9
"By ROBERT ZARETSKY",1,1189,1189,221,221,3758
"By ROBERTA SMITH",1,1235,1235,29,29,443
"By ROBIN POGREBIN",3,4036,1345.33333333333,717,239,15606
"By ROBIN RIDLESS",1,279,279,23,23,200
"By ROD NORDLAND",2,2464,1232,45,22.5,152
"By ROD NORDLAND and MUJIB MASHAL",1,1262,1262,9,9,16
"By ROGER COHEN",22,19412,882.363636363636,11166,507.545454545455,222505
"By ROLLO ROMIG",1,4438,4438,42,42,625
"By RON LIEBER",7,10139,1448.42857142857,719,102.714285714286,5414
"By RON MILAM",1,1362,1362,197,197,2463
"By RON NIXON",1,775,775,40,40,350
"By RON NIXON, LIZ ROBBINS and KATIE BENNER",1,1506,1506,49,49,491
"By RONALD S. LAUDER",1,822,822,575,575,7585
"By RONDA KAYSEN",14,11717,836.928571428571,470,33.5714285714286,7189
"By RONI CARYN RABIN",14,11500,821.428571428571,3082,220.142857142857,41386
"By RONI CARYN RABIN and RACHEL RABKIN PEACHMAN",1,1005,1005,293,293,3645
"By RONNIE KOENIG",2,4004,2002,102,51,1166
"By RORY SMITH",10,12396,1239.6,118,11.8,237
"By ROSALIND BENTLEY",1,1642,1642,9,9,52
"By ROSIE SCHAAP",1,499,499,11,11,26
"By ROSS DOUTHAT",22,23470,1066.81818181818,11038,501.727272727273,222630
"By ROXANA POPESCU",1,1041,1041,3,3,9
"By ROXANE GAY",1,1394,1394,827,827,29182
"By RUCHIR SHARMA",1,1152,1152,95,95,3641
"By RUKHL SCHAECHTER",1,28,28,12,12,37
"By RUSSELL BROCKMANN",1,173,173,20,20,202
"By RUSSELL GOLDMAN",1,805,805,123,123,1613
"By RUSSELL GOLDMAN and MICHELLE INNIS",1,1009,1009,39,39,185
"By RUTH GRAHAM",1,2442,2442,57,57,647
"By RUTH LA FERLA",1,1785,1785,2,2,38
"By SALMAN MASOOD",1,591,591,36,36,287
"By SAM ANDERSON",5,9071,1814.2,130,26,837
"By SAM BORDEN",1,1061,1061,73,73,452
"By SAM DOLNICK",1,2250,2250,762,762,16203
"By SAM EZERSKY",1,1439,1439,2,2,2
"By SAM ROBERTS",1,947,947,4,4,103
"By SAM SIFTON",3,2085,695,97,32.3333333333333,424
"By SAMANTHA POWER",1,1045,1045,269,269,3750
"By SANDRA BLAKESLEE",1,1773,1773,22,22,559
"By SANDRA E. GARCIA",1,1081,1081,20,20,78
"By SAPNA MAHESHWARI",2,2592,1296,462,231,6859
"By SAPNA MAHESHWARI and SHEERA FRENKEL",1,1371,1371,35,35,170
"By SARA ACKERMAN",1,1000,1000,85,85,593
"By SARA JANE WITKIN BERMAN",1,309,309,70,70,242
"By SARA RUST and MICHAEL GONCHAR",1,1574,1574,2,2,3
"By SARA ZASKE",1,1039,1039,72,72,762
"By SARAH BINDER",1,875,875,291,291,6203
"By SARAH JEONG",1,2936,2936,24,24,106
"By SARAH MASLIN NIR",3,3511,1170.33333333333,507,169,10675
"By SARAH MOROZ",1,884,884,4,4,2
"By SASHA WEISS",1,4759,4759,14,14,69
"By SAUL DENNIS",1,182,182,20,20,314
"By SAUL ELBEIN",1,5519,5519,94,94,1310
"By SCOTT ARBEITER",1,833,833,564,564,10223
"By SCOTT CACCIOLA",5,5644,1128.8,242,48.4,2144
"By SCOTT SHANE and ANDREW E. KRAMER",1,1484,1484,989,989,37081
"By SCOTT SHANE, ADAM GOLDMAN and MATTHEW ROSENBERG",1,1254,1254,3829,3829,123395
"By SCOTT SHANE, MATTHEW ROSENBERG and ERIC LIPTON",1,1580,1580,1301,1301,17207
"By SCOTT TOBIAS",1,1291,1291,10,10,35
"By SCOTT WALKER",1,715,715,920,920,34202
"By SEAN FEAR",1,2119,2119,43,43,496
"By SEAN MCELWEE, JESSE H. RHODES, BRIAN F. SCHAFFNER and BERNARD L. FRAGA",1,1079,1079,429,429,8648
"By SEAN T. COLLINS",9,10607,1178.55555555556,106,11.7777777777778,366
"By SENDHIL MULLAINATHAN",1,1011,1011,347,347,4086
"By SERRA SIPPEL",1,479,479,243,243,3523
"By SETH KUGEL",1,1642,1642,10,10,7
"By SETH SCHIESEL",1,661,661,14,14,194
"By SEWELL CHAN",4,5463,1365.75,55,13.75,195
"By SHANE GOLDMACHER",2,2519,1259.5,427,213.5,5927
"By SHANE GOLDMACHER and JACOB BERNSTEIN",1,1563,1563,35,35,330
"By SHANNON DOYNE",22,8560,389.090909090909,698,31.7272727272727,73
"By SHANNON HALL",1,695,695,7,7,60
"By SHARON LaFRANIERE",1,825,825,155,155,4892
"By SHARON LaFRANIERE and MATT APUZZO",1,4979,4979,254,254,6540
"By SHASTA DARLINGTON and DONALD G. McNEIL Jr",1,1406,1406,7,7,21
"By SHAUN GLADWELL",1,370,370,6,6,20
"By SHAUN PETT",1,996,996,8,8,33
"By SHEERA FRENKEL and KEVIN ROOSE",1,1373,1373,1563,1563,20827
"By SHEFALI LUTHRA",1,1606,1606,129,129,1797
"By SHERI FINK, JAMES RISEN and CHARLIE SAVAGE",1,1598,1598,91,91,1244
"By SHERYL GAY STOLBERG",1,1468,1468,440,440,5422
"By SHERYL GAY STOLBERG and ERICA L. GREEN",1,1196,1196,215,215,1750
"By SHIVANI VORA",1,1904,1904,65,65,316
"By SIMON ROMERO and MANNY FERNANDEZ",1,1118,1118,61,61,1335
"By SIMON SCHAMA",1,1306,1306,63,63,290
"By SIMONE GORRINDO",1,1192,1192,8,8,53
"By SINAN ANTOON",1,1236,1236,1031,1031,14669
"By SINAN ARAL",1,755,755,177,177,1067
"By SIVA VAIDHYANATHAN",1,1031,1031,130,130,1089
"By SOMINI SENGUPTA",1,1384,1384,71,71,638
"By SOMINI SENGUPTA and HENRY FOUNTAIN",1,887,887,37,37,274
"By SONA PATEL and FAHIMA HAQUE",1,2069,2069,163,163,3029
"By SONIA NAZARIO",1,1459,1459,276,276,3548
"By SONYA VATOMSKY",1,1570,1570,14,14,141
"By SOPAN DEB",5,4725,945,97,19.4,1970
"By STACY COWLEY",1,1436,1436,4,4,0
"By STACY COWLEY and JESSICA SILVER-GREENBERG",1,1220,1220,361,361,6656
"By STEFANOS CHEN",5,2960,592,118,23.6,1605
"By STEPH YIN",2,1318,659,16,8,160
"By STEPHANIE CLIFFORD",1,893,893,301,301,6449
"By STEPHANIE ROSENBLOOM",4,5066,1266.5,120,30,634
"By STEPHANIE SAUL and ANEMONA HARTOCOLLIS",1,1384,1384,143,143,1988
"By STEPHANIE SAUL, TIMOTHY WILLIAMS and ANEMONA HARTOCOLLIS",1,1782,1782,26,26,178
"By STEPHANIE STROM",4,4580,1145,269,67.25,2089
"By STEPHEN B. YOUNG",1,1141,1141,167,167,1509
"By STEPHEN CASTLE",1,1625,1625,61,61,541
"By STEPHEN CASTLE and STEVEN ERLANGER",1,1232,1232,344,344,4427
"By STEPHEN HARRISON",1,1000,1000,3,3,18
"By STEPHEN HILTNER",3,3397,1132.33333333333,167,55.6666666666667,2918
"By STEPHEN KEARSE",1,1530,1530,30,30,227
"By STEPHEN R. KELLY",1,808,808,233,233,2480
"By STEVE FRIESS and MITCH SMITH",2,2342,1171,83,41.5,1172
"By STEVE ISRAEL",2,1600,800,746,373,19555
"By STEVE PHILLIPS",1,863,863,1005,1005,15324
"By STEVEN ERLANGER",5,6346,1269.2,1104,220.8,13508
"By STEVEN ERLANGER and GERRY MULLANY",1,1316,1316,177,177,2959
"By STEVEN GREENHOUSE",1,871,871,247,247,3702
"By STEVEN KURUTZ",1,2597,2597,76,76,1337
"By STEVEN LEE MYERS",1,1311,1311,188,188,1779
"By STEVEN RATTNER",1,1170,1170,202,202,1436
"By STEVEN SIMON and AARON DAVID MILLER",1,813,813,306,306,3874
"By STEWART DEAN",1,32,32,6,6,22
"By STOYA",1,991,991,298,298,2917
"By SUI-LEE WEE and GIULIA MARCHI",1,810,810,9,9,230
"By SUI-LEE WEE and KEITH BRADSHER",1,1042,1042,88,88,639
"By SUNNY RAITHATHA",1,178,178,17,17,328
"By SUSAN B. GLASSER",1,1548,1548,303,303,4773
"By SUSAN CHIRA",4,4441,1110.25,1429,357.25,39309
"By SUSAN CHIRA and JONATHAN MARTIN",1,1254,1254,864,864,8829
"By SUSAN CHIRA and YAMICHE ALCINDOR",1,1552,1552,1929,1929,36250
"By SUSAN GUBAR",4,3574,893.5,107,26.75,1081
"By SUSAN HODARA",1,1217,1217,7,7,15
"By SUSAN JACOBY",1,1198,1198,695,695,16607
"By SUSAN LEHMAN",8,2742,342.75,416,52,3224
"By SUSAN WILLIAMS",1,788,788,31,31,571
"By SUSANNE CRAIG and ERIC LIPTON",1,1520,1520,1174,1174,29273
"By SUSANNE CRAIG, JO BECKER and JESSE DRUCKER",1,3637,3637,1439,1439,54958
"By SYDNEY EMBER",1,1747,1747,17,17,119
"By TAFFY BRODESSER-AKNER",1,4656,4656,133,133,1511
"By TAMMY La GORCE",1,1248,1248,32,32,362
"By TARA PARKER-POPE",1,1417,1417,175,175,2522
"By TARAS GRESCOE",1,2324,2324,47,47,324
"By TED LOOS",1,1036,1036,4,4,14
"By TEJAL RAO",10,9462,946.2,361,36.1,2367
"By TENNESSEE JONES",1,1361,1361,52,52,779
"By TERRELL JERMAINE STARR",1,794,794,368,368,9140
"By THE ASSOCIATED PRESS",1,715,715,3,3,8
"By THE EDITORIAL BOARD",90,67289,747.655555555556,50198,557.755555555556,1189327
"By THE LEARNING NETWORK",19,39810,2095.26315789474,7268,382.526315789474,215
"By THE NEW YORK TIMES",14,19851,1417.92857142857,3345,238.928571428571,51983
"By THOMAS B. EDSALL",11,23166,2106,4162,378.363636363636,56105
"By THOMAS CHATTERTON WILLIAMS",1,4326,4326,57,57,841
"By THOMAS FULLER",1,912,912,25,25,142
"By THOMAS FULLER and TYLER KEPNER",1,1285,1285,10,10,25
"By THOMAS FULLER and VIVIAN YEE",1,1244,1244,498,498,9647
"By THOMAS KAPLAN",3,3927,1309,1168,389.333333333333,32562
"By THOMAS KAPLAN and GLENN THRUSH",1,1130,1130,978,978,19815
"By THOMAS KAPLAN and ROBERT PEAR",2,2135,1067.5,1982,991,51829
"By THOMAS L. FRIEDMAN",13,13666,1051.23076923077,6273,482.538461538462,140203
"By THOMAS NAKIOS",1,914,914,349,349,5715
"By THOMAS P. CAMPBELL",1,836,836,475,475,7512
"By TIFF FEHR",1,1267,1267,20,20,37
"By TIFFANY HSU",2,2627,1313.5,349,174.5,2980
"By TIFFANY HSU and NICK WINGFIELD",1,1305,1305,74,74,383
"By TIM ARANGO",2,3056,1528,226,113,1875
"By TIM ARANGO and JULIE TURKEWITZ",1,997,997,22,22,56
"By TIM ARANGO and MATT STEVENS",1,1003,1003,3,3,0
"By TIM HERRERA",5,4326,865.2,177,35.4,1542
"By TIM KREIDER",1,1064,1064,790,790,19394
"By TIM McKEOUGH",4,2217,554.25,110,27.5,1627
"By TIM WEINER",1,827,827,546,546,21251
"By TIM WU",2,2081,1040.5,539,269.5,6305
"By TIMOTHY EGAN",11,9089,826.272727272727,4424,402.181818181818,136390
"By TIMOTHY WILLIAMS",1,1892,1892,100,100,1574
"By TINA ROSENBERG",3,4688,1562.66666666667,243,81,4443
"By TODD BALF",1,1262,1262,54,54,534
"By TOM CICCOTTA",1,825,825,9,9,3545
"By TOM VOELK",1,1052,1052,34,34,149
"By TRIP GABRIEL",3,4947,1649,550,183.333333333333,14936
"By TRIP GABRIEL, THOMAS KAPLAN, LIZETTE ALVAREZ and EMMARIE HUETTEMAN",1,1207,1207,467,467,13604
"By TYLER KEPNER",9,10854,1206,167,18.5555555555556,453
"By UNKNOWN",30,21530,717.666666666667,4227,140.9,42353
"By VALENCIA PRASHAD",1,320,320,3,3,5
"By VALERIE PIRO",1,1373,1373,58,58,1467
"By VANESSA FRIEDMAN",1,1289,1289,24,24,49
"By VANESSA FRIEDMAN and ELIZABETH PATON",1,1272,1272,20,20,170
"By VANESSA PIAO",1,533,533,7,7,19
"By VERNON E. JORDAN JR",1,598,598,146,146,881
"By VERONICA ESCOBAR",1,932,932,175,175,3230
"By VERONIQUE GREENWOOD",1,586,586,9,9,119
"By VICKI GOLDBERG",1,1634,1634,5,5,23
"By VICTOR MATHER",3,2131,710.333333333333,185,61.6666666666667,840
"By VIRGINIA HEFFERNAN",1,2550,2550,497,497,10423
"By VIVIAN AWNER",1,279,279,11,11,69
"By VIVIAN MARINO",3,2709,903,31,10.3333333333333,288
"By VIVIAN WANG and BENJAMIN WEISER",3,2542,847.333333333333,49,16.3333333333333,785
"By VIVIAN WANG and CHERYL P. WEINSTOCK",1,1081,1081,889,889,20667
"By VIVIAN WANG and JAMES C. McKINLEY Jr",1,960,960,13,13,63
"By VIVIAN YEE",1,684,684,245,245,3156
"By VIVIAN YEE and ALAN BLINDER",1,1851,1851,876,876,17270
"By VIVIAN YEE and PATRICK McGEEHAN",1,1363,1363,195,195,1117
"By WALEED ALY",1,818,818,85,85,664
"By WALTER BARANGER",1,5500,5500,6,6,8
"By WALTER PINCUS",1,1123,1123,159,159,1439
"By WENDI C. THOMAS",1,1366,1366,26,26,283
"By WENDY MacLEOD",1,672,672,139,139,1972
"By WENDY PALEN",1,1008,1008,299,299,6492
"By WESLEY MORRIS",1,1501,1501,23,23,142
"By WESLEY YANG",1,1230,1230,40,40,118
"By WHITNEY RICHARDSON",1,1974,1974,2,2,0
"By WHITSON GORDON",2,1774,887,25,12.5,406
"By WIL S. HYLTON",1,8640,8640,253,253,2085
"By WILL LEITCH",1,924,924,140,140,1106
"By WILL SHORTZ",4,2387,596.75,75,18.75,161
"By WILLIAM D. COHAN",1,1602,1602,223,223,3848
"By WILLIAM NEUMAN and ELIZABETH A. HARRIS",1,1273,1273,95,95,1121
"By WINNIE HU",3,3907,1302.33333333333,390,130,8905
"By WUILLY ARTEAGA",1,127,127,16,16,110
"By WYATT MASON",1,6537,6537,26,26,107
"By WYATT WILLIAMS",1,3595,3595,112,112,757
"By YAMICHE ALCINDOR",1,1136,1136,1010,1010,29040
"By YASCHA MOUNK",1,1545,1545,205,205,2372
"By YISHAI FLEISHER",1,1373,1373,309,309,4848
"By YITTA HALBERSTAM",1,251,251,8,8,168
"By YONETTE JOSEPH",2,2094,1047,43,21.5,310
"By YOTAM OTTOLENGHI",2,1506,753,146,73,1156
"By YOUSAF BUTT",1,790,790,51,51,155
"By YURU CHENG and AMY CHANG CHIEN",1,1185,1185,4,4,19
"By ZACH SCHONBRUN",1,1875,1875,57,57,570
"By ZACH SCHONBRUN, VICTOR MATHER and BENJAMIN HOFFMAN",1,2714,2714,24,24,24
"By ZACH WICHTER",1,987,987,23,23,178
"By ZACHARY WOOLFE",1,1074,1074,111,111,1097
"By ZAHID SARDAR",1,1001,1001,10,10,18
"By ZEYNEP TUFEKCI",2,1896,948,402,201,6059
"By ZIAD RESLAN",1,752,752,41,41,52
"Compiled by C. J. HUGHES",1,390,390,10,10,31
"Compiled by NANCY WARTIK",1,793,793,7,7,6
"FRANK BRUNI",1,1609,1609,737,737,31199
"Interview by ANA MARIE COX",6,4151,691.833333333333,387,64.5,3871
"Interview by JAIME LOWE",1,704,704,8,8,10
"Interview by JENNA WORTHAM",1,673,673,8,8,53
"Interview by LARA TAKENAGA",1,1408,1408,29,29,118
"Interview by MOLLY LAMBERT",1,697,697,6,6,22
"Introduction by BINYAMIN APPELBAUM",1,6045,6045,477,477,9165
"LINDY WEST",1,1078,1078,453,453,10494
"Photographs and Text by SERGEY PONOMAREV",1,704,704,15,15,24
"Produced by NANCY WARTIK",1,1672,1672,37,37,431
"Reported by C. J. HUGHES",1,112,112,2,2,8
"Reported by LISA PREVOST and MARCELLE SUSSMAN FISCHLER",1,77,77,1,1,0
"Selected by MATTHEW ZAPRUDER",3,266,88.6666666666667,8,2.66666666666667,10
"Text by ILIANA MAGRA",1,1566,1566,200,200,4674
